USE model_inventory;
INSERT INTO model_owners (owner_id, owner_name, email, team) VALUES (1, 'Amit Chaudhary', 'amit.chaudhary@example.com', 'Finance');
INSERT INTO model_owners (owner_id, owner_name, email, team) VALUES (2, 'Neha Malik', 'neha.malik@example.com', 'AI Lab');
INSERT INTO model_owners (owner_id, owner_name, email, team) VALUES (3, 'Neha Gupta', 'neha.gupta@example.com', 'Analytics');
INSERT INTO model_owners (owner_id, owner_name, email, team) VALUES (4, 'Vanshika Kumar', 'vanshika.kumar@example.com', 'Finance');
INSERT INTO model_owners (owner_id, owner_name, email, team) VALUES (5, 'Rahul Sharma', 'rahul.sharma@example.com', 'Finance');
INSERT INTO model_owners (owner_id, owner_name, email, team) VALUES (6, 'Amit Verma', 'amit.verma@example.com', 'AI Lab');
INSERT INTO model_owners (owner_id, owner_name, email, team) VALUES (7, 'Vanshika Kumar', 'vanshika.kumar@example.com', 'Risk');
INSERT INTO model_owners (owner_id, owner_name, email, team) VALUES (8, 'Karan Chaudhary', 'karan.chaudhary@example.com', 'Risk');
INSERT INTO model_owners (owner_id, owner_name, email, team) VALUES (9, 'Neha Sharma', 'neha.sharma@example.com', 'AI Lab');
INSERT INTO model_owners (owner_id, owner_name, email, team) VALUES (10, 'Rahul Singh', 'rahul.singh@example.com', 'Data Science');
INSERT INTO model_owners (owner_id, owner_name, email, team) VALUES (11, 'Rohit Verma', 'rohit.verma@example.com', 'AI Lab');
INSERT INTO model_owners (owner_id, owner_name, email, team) VALUES (12, 'Priya Kumar', 'priya.kumar@example.com', 'Data Science');
INSERT INTO model_owners (owner_id, owner_name, email, team) VALUES (13, 'Rohit Chaudhary', 'rohit.chaudhary@example.com', 'Data Science');
INSERT INTO model_owners (owner_id, owner_name, email, team) VALUES (14, 'Amit Gupta', 'amit.gupta@example.com', 'Data Science');
INSERT INTO model_owners (owner_id, owner_name, email, team) VALUES (15, 'Karan Chaudhary', 'karan.chaudhary@example.com', 'Finance');
INSERT INTO model_owners (owner_id, owner_name, email, team) VALUES (16, 'Rohit Yadav', 'rohit.yadav@example.com', 'Finance');
INSERT INTO model_owners (owner_id, owner_name, email, team) VALUES (17, 'Vanshika Verma', 'vanshika.verma@example.com', 'AI Lab');
INSERT INTO model_owners (owner_id, owner_name, email, team) VALUES (18, 'Karan Gupta', 'karan.gupta@example.com', 'Analytics');
INSERT INTO model_owners (owner_id, owner_name, email, team) VALUES (19, 'Simran Sharma', 'simran.sharma@example.com', 'AI Lab');
INSERT INTO model_owners (owner_id, owner_name, email, team) VALUES (20, 'Karan Kumar', 'karan.kumar@example.com', 'Analytics');
INSERT INTO model_owners (owner_id, owner_name, email, team) VALUES (21, 'Rahul Sharma', 'rahul.sharma@example.com', 'Finance');
INSERT INTO model_owners (owner_id, owner_name, email, team) VALUES (22, 'Rohit Sharma', 'rohit.sharma@example.com', 'Data Science');
INSERT INTO model_owners (owner_id, owner_name, email, team) VALUES (23, 'Priya Kumar', 'priya.kumar@example.com', 'Analytics');
INSERT INTO model_owners (owner_id, owner_name, email, team) VALUES (24, 'Rahul Verma', 'rahul.verma@example.com', 'AI Lab');
INSERT INTO model_owners (owner_id, owner_name, email, team) VALUES (25, 'Simran Sharma', 'simran.sharma@example.com', 'Data Science');
INSERT INTO model_owners (owner_id, owner_name, email, team) VALUES (26, 'Vanshika Malik', 'vanshika.malik@example.com', 'Data Science');
INSERT INTO model_owners (owner_id, owner_name, email, team) VALUES (27, 'Rohit Malik', 'rohit.malik@example.com', 'Data Science');
INSERT INTO model_owners (owner_id, owner_name, email, team) VALUES (28, 'Karan Verma', 'karan.verma@example.com', 'Risk');
INSERT INTO model_owners (owner_id, owner_name, email, team) VALUES (29, 'Karan Gupta', 'karan.gupta@example.com', 'AI Lab');
INSERT INTO model_owners (owner_id, owner_name, email, team) VALUES (30, 'Rohit Verma', 'rohit.verma@example.com', 'Risk');
INSERT INTO model_owners (owner_id, owner_name, email, team) VALUES (31, 'Neha Yadav', 'neha.yadav@example.com', 'Analytics');
INSERT INTO model_owners (owner_id, owner_name, email, team) VALUES (32, 'Vanshika Yadav', 'vanshika.yadav@example.com', 'Finance');
INSERT INTO model_owners (owner_id, owner_name, email, team) VALUES (33, 'Simran Verma', 'simran.verma@example.com', 'Finance');
INSERT INTO model_owners (owner_id, owner_name, email, team) VALUES (34, 'Rohit Verma', 'rohit.verma@example.com', 'Data Science');
INSERT INTO model_owners (owner_id, owner_name, email, team) VALUES (35, 'Rohit Singh', 'rohit.singh@example.com', 'Finance');
INSERT INTO model_owners (owner_id, owner_name, email, team) VALUES (36, 'Rahul Kumar', 'rahul.kumar@example.com', 'Risk');
INSERT INTO model_owners (owner_id, owner_name, email, team) VALUES (37, 'Vanshika Yadav', 'vanshika.yadav@example.com', 'Data Science');
INSERT INTO model_owners (owner_id, owner_name, email, team) VALUES (38, 'Vanshika Sharma', 'vanshika.sharma@example.com', 'AI Lab');
INSERT INTO model_owners (owner_id, owner_name, email, team) VALUES (39, 'Vanshika Yadav', 'vanshika.yadav@example.com', 'Data Science');
INSERT INTO model_owners (owner_id, owner_name, email, team) VALUES (40, 'Simran Verma', 'simran.verma@example.com', 'Finance');
INSERT INTO model_owners (owner_id, owner_name, email, team) VALUES (41, 'Simran Sharma', 'simran.sharma@example.com', 'Risk');
INSERT INTO model_owners (owner_id, owner_name, email, team) VALUES (42, 'Neha Malik', 'neha.malik@example.com', 'Finance');
INSERT INTO model_owners (owner_id, owner_name, email, team) VALUES (43, 'Simran Gupta', 'simran.gupta@example.com', 'Risk');
INSERT INTO model_owners (owner_id, owner_name, email, team) VALUES (44, 'Priya Verma', 'priya.verma@example.com', 'Analytics');
INSERT INTO model_owners (owner_id, owner_name, email, team) VALUES (45, 'Rahul Verma', 'rahul.verma@example.com', 'Analytics');
INSERT INTO model_owners (owner_id, owner_name, email, team) VALUES (46, 'Neha Yadav', 'neha.yadav@example.com', 'Analytics');
INSERT INTO model_owners (owner_id, owner_name, email, team) VALUES (47, 'Vanshika Chaudhary', 'vanshika.chaudhary@example.com', 'Data Science');
INSERT INTO model_owners (owner_id, owner_name, email, team) VALUES (48, 'Simran Chaudhary', 'simran.chaudhary@example.com', 'Analytics');
INSERT INTO model_owners (owner_id, owner_name, email, team) VALUES (49, 'Priya Malik', 'priya.malik@example.com', 'Data Science');
INSERT INTO model_owners (owner_id, owner_name, email, team) VALUES (50, 'Amit Gupta', 'amit.gupta@example.com', 'AI Lab');
INSERT INTO model_owners (owner_id, owner_name, email, team) VALUES (51, 'Amit Chaudhary', 'amit.chaudhary@example.com', 'Risk');
INSERT INTO model_owners (owner_id, owner_name, email, team) VALUES (52, 'Vanshika Malik', 'vanshika.malik@example.com', 'Data Science');
INSERT INTO model_owners (owner_id, owner_name, email, team) VALUES (53, 'Neha Gupta', 'neha.gupta@example.com', 'Risk');
INSERT INTO model_owners (owner_id, owner_name, email, team) VALUES (54, 'Karan Chaudhary', 'karan.chaudhary@example.com', 'Risk');
INSERT INTO model_owners (owner_id, owner_name, email, team) VALUES (55, 'Vanshika Sharma', 'vanshika.sharma@example.com', 'AI Lab');
INSERT INTO model_owners (owner_id, owner_name, email, team) VALUES (56, 'Amit Sharma', 'amit.sharma@example.com', 'Risk');
INSERT INTO model_owners (owner_id, owner_name, email, team) VALUES (57, 'Rohit Malik', 'rohit.malik@example.com', 'Analytics');
INSERT INTO model_owners (owner_id, owner_name, email, team) VALUES (58, 'Rahul Malik', 'rahul.malik@example.com', 'Data Science');
INSERT INTO model_owners (owner_id, owner_name, email, team) VALUES (59, 'Rohit Kumar', 'rohit.kumar@example.com', 'Risk');
INSERT INTO model_owners (owner_id, owner_name, email, team) VALUES (60, 'Vanshika Yadav', 'vanshika.yadav@example.com', 'AI Lab');
INSERT INTO model_owners (owner_id, owner_name, email, team) VALUES (61, 'Amit Kumar', 'amit.kumar@example.com', 'Risk');
INSERT INTO model_owners (owner_id, owner_name, email, team) VALUES (62, 'Karan Chaudhary', 'karan.chaudhary@example.com', 'AI Lab');
INSERT INTO model_owners (owner_id, owner_name, email, team) VALUES (63, 'Rahul Verma', 'rahul.verma@example.com', 'Data Science');
INSERT INTO model_owners (owner_id, owner_name, email, team) VALUES (64, 'Simran Verma', 'simran.verma@example.com', 'AI Lab');
INSERT INTO model_owners (owner_id, owner_name, email, team) VALUES (65, 'Neha Singh', 'neha.singh@example.com', 'Finance');
INSERT INTO model_owners (owner_id, owner_name, email, team) VALUES (66, 'Karan Malik', 'karan.malik@example.com', 'Data Science');
INSERT INTO model_owners (owner_id, owner_name, email, team) VALUES (67, 'Amit Kumar', 'amit.kumar@example.com', 'Risk');
INSERT INTO model_owners (owner_id, owner_name, email, team) VALUES (68, 'Vanshika Malik', 'vanshika.malik@example.com', 'AI Lab');
INSERT INTO model_owners (owner_id, owner_name, email, team) VALUES (69, 'Neha Gupta', 'neha.gupta@example.com', 'Analytics');
INSERT INTO model_owners (owner_id, owner_name, email, team) VALUES (70, 'Rahul Kumar', 'rahul.kumar@example.com', 'Analytics');
INSERT INTO model_owners (owner_id, owner_name, email, team) VALUES (71, 'Priya Malik', 'priya.malik@example.com', 'Analytics');
INSERT INTO model_owners (owner_id, owner_name, email, team) VALUES (72, 'Neha Gupta', 'neha.gupta@example.com', 'Analytics');
INSERT INTO model_owners (owner_id, owner_name, email, team) VALUES (73, 'Vanshika Yadav', 'vanshika.yadav@example.com', 'Analytics');
INSERT INTO model_owners (owner_id, owner_name, email, team) VALUES (74, 'Vanshika Sharma', 'vanshika.sharma@example.com', 'Finance');
INSERT INTO model_owners (owner_id, owner_name, email, team) VALUES (75, 'Priya Sharma', 'priya.sharma@example.com', 'Finance');
INSERT INTO model_owners (owner_id, owner_name, email, team) VALUES (76, 'Vanshika Verma', 'vanshika.verma@example.com', 'Data Science');
INSERT INTO model_owners (owner_id, owner_name, email, team) VALUES (77, 'Karan Sharma', 'karan.sharma@example.com', 'AI Lab');
INSERT INTO model_owners (owner_id, owner_name, email, team) VALUES (78, 'Karan Sharma', 'karan.sharma@example.com', 'AI Lab');
INSERT INTO model_owners (owner_id, owner_name, email, team) VALUES (79, 'Neha Verma', 'neha.verma@example.com', 'AI Lab');
INSERT INTO model_owners (owner_id, owner_name, email, team) VALUES (80, 'Simran Sharma', 'simran.sharma@example.com', 'Data Science');
INSERT INTO model_owners (owner_id, owner_name, email, team) VALUES (81, 'Simran Kumar', 'simran.kumar@example.com', 'Finance');
INSERT INTO model_owners (owner_id, owner_name, email, team) VALUES (82, 'Rohit Gupta', 'rohit.gupta@example.com', 'AI Lab');
INSERT INTO model_owners (owner_id, owner_name, email, team) VALUES (83, 'Karan Malik', 'karan.malik@example.com', 'Data Science');
INSERT INTO model_owners (owner_id, owner_name, email, team) VALUES (84, 'Rohit Kumar', 'rohit.kumar@example.com', 'Finance');
INSERT INTO model_owners (owner_id, owner_name, email, team) VALUES (85, 'Rahul Verma', 'rahul.verma@example.com', 'Analytics');
INSERT INTO model_owners (owner_id, owner_name, email, team) VALUES (86, 'Priya Gupta', 'priya.gupta@example.com', 'Analytics');
INSERT INTO model_owners (owner_id, owner_name, email, team) VALUES (87, 'Simran Gupta', 'simran.gupta@example.com', 'Finance');
INSERT INTO model_owners (owner_id, owner_name, email, team) VALUES (88, 'Rohit Malik', 'rohit.malik@example.com', 'AI Lab');
INSERT INTO model_owners (owner_id, owner_name, email, team) VALUES (89, 'Karan Chaudhary', 'karan.chaudhary@example.com', 'Data Science');
INSERT INTO model_owners (owner_id, owner_name, email, team) VALUES (90, 'Karan Sharma', 'karan.sharma@example.com', 'Finance');
INSERT INTO model_owners (owner_id, owner_name, email, team) VALUES (91, 'Rohit Yadav', 'rohit.yadav@example.com', 'Analytics');
INSERT INTO model_owners (owner_id, owner_name, email, team) VALUES (92, 'Simran Chaudhary', 'simran.chaudhary@example.com', 'Data Science');
INSERT INTO model_owners (owner_id, owner_name, email, team) VALUES (93, 'Simran Kumar', 'simran.kumar@example.com', 'Analytics');
INSERT INTO model_owners (owner_id, owner_name, email, team) VALUES (94, 'Rahul Gupta', 'rahul.gupta@example.com', 'Risk');
INSERT INTO model_owners (owner_id, owner_name, email, team) VALUES (95, 'Karan Sharma', 'karan.sharma@example.com', 'Analytics');
INSERT INTO model_owners (owner_id, owner_name, email, team) VALUES (96, 'Priya Yadav', 'priya.yadav@example.com', 'Analytics');
INSERT INTO model_owners (owner_id, owner_name, email, team) VALUES (97, 'Rohit Yadav', 'rohit.yadav@example.com', 'Data Science');
INSERT INTO model_owners (owner_id, owner_name, email, team) VALUES (98, 'Amit Gupta', 'amit.gupta@example.com', 'Risk');
INSERT INTO model_owners (owner_id, owner_name, email, team) VALUES (99, 'Simran Kumar', 'simran.kumar@example.com', 'AI Lab');
INSERT INTO model_owners (owner_id, owner_name, email, team) VALUES (100, 'Rohit Gupta', 'rohit.gupta@example.com', 'Data Science');
INSERT INTO models (model_id, model_name, model_type, owner_id, department, risk_level, status, last_review_date, next_review_due) VALUES (1, 'Model_1', 'Classification', 78, 'Retail', 'Medium', 'In Development', '2022-02-08', '2024-03-26');
INSERT INTO models (model_id, model_name, model_type, owner_id, department, risk_level, status, last_review_date, next_review_due) VALUES (2, 'Model_2', 'Clustering', 12, 'Marketing', 'High', 'Retired', '2021-07-01', '2025-12-17');
INSERT INTO models (model_id, model_name, model_type, owner_id, department, risk_level, status, last_review_date, next_review_due) VALUES (3, 'Model_3', 'Classification', 84, 'Credit', 'High', 'Retired', '2021-02-06', '2025-10-23');
INSERT INTO models (model_id, model_name, model_type, owner_id, department, risk_level, status, last_review_date, next_review_due) VALUES (4, 'Model_4', 'Regression', 73, 'Fraud', 'Medium', 'Retired', '2022-02-13', '2025-07-19');
INSERT INTO models (model_id, model_name, model_type, owner_id, department, risk_level, status, last_review_date, next_review_due) VALUES (5, 'Model_5', 'Classification', 8, 'Credit', 'Low', 'In Development', '2022-06-05', '2024-10-19');
INSERT INTO models (model_id, model_name, model_type, owner_id, department, risk_level, status, last_review_date, next_review_due) VALUES (6, 'Model_6', 'Time Series', 30, 'Retail', 'High', 'In Development', '2022-08-23', '2025-03-20');
INSERT INTO models (model_id, model_name, model_type, owner_id, department, risk_level, status, last_review_date, next_review_due) VALUES (7, 'Model_7', 'Classification', 69, 'Marketing', 'High', 'Retired', '2021-10-04', '2024-09-17');
INSERT INTO models (model_id, model_name, model_type, owner_id, department, risk_level, status, last_review_date, next_review_due) VALUES (8, 'Model_8', 'Regression', 63, 'Credit', 'Medium', 'Retired', '2021-01-09', '2024-02-26');
INSERT INTO models (model_id, model_name, model_type, owner_id, department, risk_level, status, last_review_date, next_review_due) VALUES (9, 'Model_9', 'Time Series', 57, 'Credit', 'High', 'In Development', '2021-12-18', '2024-06-20');
INSERT INTO models (model_id, model_name, model_type, owner_id, department, risk_level, status, last_review_date, next_review_due) VALUES (10, 'Model_10', 'Time Series', 75, 'Corporate', 'High', 'In Use', '2022-02-16', '2024-10-01');
INSERT INTO models (model_id, model_name, model_type, owner_id, department, risk_level, status, last_review_date, next_review_due) VALUES (11, 'Model_11', 'Clustering', 47, 'Fraud', 'Low', 'In Development', '2021-10-14', '2025-03-07');
INSERT INTO models (model_id, model_name, model_type, owner_id, department, risk_level, status, last_review_date, next_review_due) VALUES (12, 'Model_12', 'Classification', 56, 'Credit', 'Low', 'In Use', '2022-06-08', '2024-08-19');
INSERT INTO models (model_id, model_name, model_type, owner_id, department, risk_level, status, last_review_date, next_review_due) VALUES (13, 'Model_13', 'Regression', 57, 'Fraud', 'Medium', 'In Development', '2022-11-27', '2025-07-06');
INSERT INTO models (model_id, model_name, model_type, owner_id, department, risk_level, status, last_review_date, next_review_due) VALUES (14, 'Model_14', 'Clustering', 49, 'Fraud', 'Medium', 'In Development', '2023-09-17', '2024-07-07');
INSERT INTO models (model_id, model_name, model_type, owner_id, department, risk_level, status, last_review_date, next_review_due) VALUES (15, 'Model_15', 'Clustering', 67, 'Credit', 'Low', 'In Development', '2022-01-20', '2025-01-23');
INSERT INTO models (model_id, model_name, model_type, owner_id, department, risk_level, status, last_review_date, next_review_due) VALUES (16, 'Model_16', 'Clustering', 48, 'Credit', 'Low', 'In Use', '2023-07-13', '2025-07-24');
INSERT INTO models (model_id, model_name, model_type, owner_id, department, risk_level, status, last_review_date, next_review_due) VALUES (17, 'Model_17', 'Time Series', 86, 'Credit', 'Medium', 'In Use', '2022-10-25', '2025-02-24');
INSERT INTO models (model_id, model_name, model_type, owner_id, department, risk_level, status, last_review_date, next_review_due) VALUES (18, 'Model_18', 'Classification', 11, 'Marketing', 'Medium', 'In Development', '2023-12-17', '2025-09-30');
INSERT INTO models (model_id, model_name, model_type, owner_id, department, risk_level, status, last_review_date, next_review_due) VALUES (19, 'Model_19', 'Time Series', 24, 'Marketing', 'Low', 'In Development', '2022-12-26', '2024-02-07');
INSERT INTO models (model_id, model_name, model_type, owner_id, department, risk_level, status, last_review_date, next_review_due) VALUES (20, 'Model_20', 'Classification', 8, 'Retail', 'High', 'Retired', '2023-12-24', '2025-04-15');
INSERT INTO models (model_id, model_name, model_type, owner_id, department, risk_level, status, last_review_date, next_review_due) VALUES (21, 'Model_21', 'Time Series', 63, 'Fraud', 'Low', 'In Development', '2022-05-09', '2024-02-09');
INSERT INTO models (model_id, model_name, model_type, owner_id, department, risk_level, status, last_review_date, next_review_due) VALUES (22, 'Model_22', 'Regression', 98, 'Retail', 'Low', 'Retired', '2021-01-25', '2024-10-13');
INSERT INTO models (model_id, model_name, model_type, owner_id, department, risk_level, status, last_review_date, next_review_due) VALUES (23, 'Model_23', 'Time Series', 3, 'Retail', 'Medium', 'Retired', '2021-09-07', '2024-07-28');
INSERT INTO models (model_id, model_name, model_type, owner_id, department, risk_level, status, last_review_date, next_review_due) VALUES (24, 'Model_24', 'Clustering', 81, 'Corporate', 'High', 'In Use', '2022-06-03', '2024-04-21');
INSERT INTO models (model_id, model_name, model_type, owner_id, department, risk_level, status, last_review_date, next_review_due) VALUES (25, 'Model_25', 'Classification', 46, 'Marketing', 'High', 'In Use', '2023-08-07', '2024-03-26');
INSERT INTO models (model_id, model_name, model_type, owner_id, department, risk_level, status, last_review_date, next_review_due) VALUES (26, 'Model_26', 'Regression', 41, 'Corporate', 'Low', 'In Development', '2022-04-27', '2024-04-08');
INSERT INTO models (model_id, model_name, model_type, owner_id, department, risk_level, status, last_review_date, next_review_due) VALUES (27, 'Model_27', 'Time Series', 12, 'Retail', 'Low', 'In Use', '2023-10-03', '2025-05-16');
INSERT INTO models (model_id, model_name, model_type, owner_id, department, risk_level, status, last_review_date, next_review_due) VALUES (28, 'Model_28', 'Classification', 72, 'Retail', 'High', 'In Use', '2023-01-15', '2024-06-28');
INSERT INTO models (model_id, model_name, model_type, owner_id, department, risk_level, status, last_review_date, next_review_due) VALUES (29, 'Model_29', 'Time Series', 75, 'Credit', 'Medium', 'In Use', '2022-03-08', '2025-08-05');
INSERT INTO models (model_id, model_name, model_type, owner_id, department, risk_level, status, last_review_date, next_review_due) VALUES (30, 'Model_30', 'Regression', 98, 'Fraud', 'Low', 'Retired', '2023-06-26', '2025-04-28');
INSERT INTO models (model_id, model_name, model_type, owner_id, department, risk_level, status, last_review_date, next_review_due) VALUES (31, 'Model_31', 'Clustering', 97, 'Credit', 'High', 'In Use', '2022-03-13', '2025-08-03');
INSERT INTO models (model_id, model_name, model_type, owner_id, department, risk_level, status, last_review_date, next_review_due) VALUES (32, 'Model_32', 'Regression', 51, 'Fraud', 'Low', 'In Development', '2021-06-07', '2025-12-24');
INSERT INTO models (model_id, model_name, model_type, owner_id, department, risk_level, status, last_review_date, next_review_due) VALUES (33, 'Model_33', 'Clustering', 72, 'Credit', 'Medium', 'Retired', '2022-03-15', '2025-11-01');
INSERT INTO models (model_id, model_name, model_type, owner_id, department, risk_level, status, last_review_date, next_review_due) VALUES (34, 'Model_34', 'Time Series', 89, 'Credit', 'Medium', 'Retired', '2023-02-19', '2025-05-23');
INSERT INTO models (model_id, model_name, model_type, owner_id, department, risk_level, status, last_review_date, next_review_due) VALUES (35, 'Model_35', 'Clustering', 70, 'Fraud', 'High', 'Retired', '2023-08-10', '2025-11-14');
INSERT INTO models (model_id, model_name, model_type, owner_id, department, risk_level, status, last_review_date, next_review_due) VALUES (36, 'Model_36', 'Time Series', 12, 'Fraud', 'High', 'In Use', '2023-08-07', '2025-11-01');
INSERT INTO models (model_id, model_name, model_type, owner_id, department, risk_level, status, last_review_date, next_review_due) VALUES (37, 'Model_37', 'Regression', 71, 'Credit', 'Low', 'In Use', '2022-11-29', '2025-06-04');
INSERT INTO models (model_id, model_name, model_type, owner_id, department, risk_level, status, last_review_date, next_review_due) VALUES (38, 'Model_38', 'Time Series', 27, 'Fraud', 'High', 'In Development', '2023-12-10', '2025-04-21');
INSERT INTO models (model_id, model_name, model_type, owner_id, department, risk_level, status, last_review_date, next_review_due) VALUES (39, 'Model_39', 'Clustering', 44, 'Marketing', 'Low', 'In Development', '2022-10-28', '2024-05-13');
INSERT INTO models (model_id, model_name, model_type, owner_id, department, risk_level, status, last_review_date, next_review_due) VALUES (40, 'Model_40', 'Time Series', 58, 'Fraud', 'Low', 'In Use', '2022-09-11', '2024-04-27');
INSERT INTO models (model_id, model_name, model_type, owner_id, department, risk_level, status, last_review_date, next_review_due) VALUES (41, 'Model_41', 'Time Series', 49, 'Fraud', 'Medium', 'In Development', '2021-10-17', '2025-11-10');
INSERT INTO models (model_id, model_name, model_type, owner_id, department, risk_level, status, last_review_date, next_review_due) VALUES (42, 'Model_42', 'Regression', 100, 'Marketing', 'High', 'In Development', '2023-10-02', '2025-12-03');
INSERT INTO models (model_id, model_name, model_type, owner_id, department, risk_level, status, last_review_date, next_review_due) VALUES (43, 'Model_43', 'Clustering', 12, 'Retail', 'High', 'In Use', '2021-03-06', '2025-08-24');
INSERT INTO models (model_id, model_name, model_type, owner_id, department, risk_level, status, last_review_date, next_review_due) VALUES (44, 'Model_44', 'Classification', 36, 'Credit', 'High', 'In Use', '2021-07-29', '2025-01-20');
INSERT INTO models (model_id, model_name, model_type, owner_id, department, risk_level, status, last_review_date, next_review_due) VALUES (45, 'Model_45', 'Classification', 80, 'Retail', 'Medium', 'In Development', '2023-11-20', '2025-05-15');
INSERT INTO models (model_id, model_name, model_type, owner_id, department, risk_level, status, last_review_date, next_review_due) VALUES (46, 'Model_46', 'Classification', 1, 'Marketing', 'Medium', 'Retired', '2021-08-17', '2024-03-24');
INSERT INTO models (model_id, model_name, model_type, owner_id, department, risk_level, status, last_review_date, next_review_due) VALUES (47, 'Model_47', 'Regression', 83, 'Credit', 'Low', 'Retired', '2021-04-12', '2025-11-09');
INSERT INTO models (model_id, model_name, model_type, owner_id, department, risk_level, status, last_review_date, next_review_due) VALUES (48, 'Model_48', 'Regression', 88, 'Credit', 'High', 'In Use', '2022-01-26', '2024-06-18');
INSERT INTO models (model_id, model_name, model_type, owner_id, department, risk_level, status, last_review_date, next_review_due) VALUES (49, 'Model_49', 'Time Series', 18, 'Marketing', 'Medium', 'Retired', '2022-12-27', '2024-09-28');
INSERT INTO models (model_id, model_name, model_type, owner_id, department, risk_level, status, last_review_date, next_review_due) VALUES (50, 'Model_50', 'Clustering', 88, 'Credit', 'High', 'In Use', '2021-10-19', '2024-07-27');
INSERT INTO models (model_id, model_name, model_type, owner_id, department, risk_level, status, last_review_date, next_review_due) VALUES (51, 'Model_51', 'Classification', 28, 'Credit', 'Medium', 'In Development', '2023-04-30', '2025-12-19');
INSERT INTO models (model_id, model_name, model_type, owner_id, department, risk_level, status, last_review_date, next_review_due) VALUES (52, 'Model_52', 'Clustering', 87, 'Credit', 'Medium', 'In Use', '2021-04-20', '2024-08-21');
INSERT INTO models (model_id, model_name, model_type, owner_id, department, risk_level, status, last_review_date, next_review_due) VALUES (53, 'Model_53', 'Regression', 58, 'Fraud', 'Medium', 'Retired', '2022-03-23', '2024-02-16');
INSERT INTO models (model_id, model_name, model_type, owner_id, department, risk_level, status, last_review_date, next_review_due) VALUES (54, 'Model_54', 'Clustering', 66, 'Retail', 'Low', 'In Development', '2021-07-22', '2025-02-08');
INSERT INTO models (model_id, model_name, model_type, owner_id, department, risk_level, status, last_review_date, next_review_due) VALUES (55, 'Model_55', 'Regression', 7, 'Corporate', 'Medium', 'Retired', '2021-04-10', '2024-01-12');
INSERT INTO models (model_id, model_name, model_type, owner_id, department, risk_level, status, last_review_date, next_review_due) VALUES (56, 'Model_56', 'Clustering', 32, 'Marketing', 'High', 'Retired', '2021-06-13', '2025-12-28');
INSERT INTO models (model_id, model_name, model_type, owner_id, department, risk_level, status, last_review_date, next_review_due) VALUES (57, 'Model_57', 'Classification', 9, 'Credit', 'Medium', 'Retired', '2021-10-05', '2025-07-25');
INSERT INTO models (model_id, model_name, model_type, owner_id, department, risk_level, status, last_review_date, next_review_due) VALUES (58, 'Model_58', 'Regression', 26, 'Retail', 'Medium', 'In Development', '2022-07-17', '2024-07-21');
INSERT INTO models (model_id, model_name, model_type, owner_id, department, risk_level, status, last_review_date, next_review_due) VALUES (59, 'Model_59', 'Regression', 91, 'Corporate', 'High', 'In Development', '2021-01-13', '2024-09-27');
INSERT INTO models (model_id, model_name, model_type, owner_id, department, risk_level, status, last_review_date, next_review_due) VALUES (60, 'Model_60', 'Regression', 89, 'Retail', 'High', 'In Use', '2022-09-12', '2024-06-23');
INSERT INTO models (model_id, model_name, model_type, owner_id, department, risk_level, status, last_review_date, next_review_due) VALUES (61, 'Model_61', 'Clustering', 5, 'Fraud', 'High', 'In Use', '2023-06-04', '2024-06-01');
INSERT INTO models (model_id, model_name, model_type, owner_id, department, risk_level, status, last_review_date, next_review_due) VALUES (62, 'Model_62', 'Time Series', 84, 'Retail', 'Low', 'In Development', '2021-09-07', '2025-09-24');
INSERT INTO models (model_id, model_name, model_type, owner_id, department, risk_level, status, last_review_date, next_review_due) VALUES (63, 'Model_63', 'Time Series', 3, 'Credit', 'High', 'In Use', '2022-10-17', '2024-10-14');
INSERT INTO models (model_id, model_name, model_type, owner_id, department, risk_level, status, last_review_date, next_review_due) VALUES (64, 'Model_64', 'Clustering', 74, 'Credit', 'High', 'Retired', '2021-10-21', '2025-03-06');
INSERT INTO models (model_id, model_name, model_type, owner_id, department, risk_level, status, last_review_date, next_review_due) VALUES (65, 'Model_65', 'Classification', 2, 'Retail', 'Low', 'Retired', '2021-08-15', '2025-08-09');
INSERT INTO models (model_id, model_name, model_type, owner_id, department, risk_level, status, last_review_date, next_review_due) VALUES (66, 'Model_66', 'Classification', 90, 'Retail', 'High', 'Retired', '2023-12-16', '2024-11-24');
INSERT INTO models (model_id, model_name, model_type, owner_id, department, risk_level, status, last_review_date, next_review_due) VALUES (67, 'Model_67', 'Time Series', 16, 'Fraud', 'Medium', 'Retired', '2021-10-16', '2024-05-15');
INSERT INTO models (model_id, model_name, model_type, owner_id, department, risk_level, status, last_review_date, next_review_due) VALUES (68, 'Model_68', 'Time Series', 94, 'Corporate', 'High', 'In Use', '2023-01-04', '2024-06-12');
INSERT INTO models (model_id, model_name, model_type, owner_id, department, risk_level, status, last_review_date, next_review_due) VALUES (69, 'Model_69', 'Classification', 27, 'Credit', 'Low', 'Retired', '2021-01-13', '2025-03-27');
INSERT INTO models (model_id, model_name, model_type, owner_id, department, risk_level, status, last_review_date, next_review_due) VALUES (70, 'Model_70', 'Regression', 47, 'Corporate', 'Medium', 'In Development', '2022-11-24', '2025-03-03');
INSERT INTO models (model_id, model_name, model_type, owner_id, department, risk_level, status, last_review_date, next_review_due) VALUES (71, 'Model_71', 'Clustering', 13, 'Retail', 'High', 'In Use', '2022-12-18', '2024-07-02');
INSERT INTO models (model_id, model_name, model_type, owner_id, department, risk_level, status, last_review_date, next_review_due) VALUES (72, 'Model_72', 'Classification', 29, 'Fraud', 'Medium', 'In Development', '2021-09-12', '2024-01-24');
INSERT INTO models (model_id, model_name, model_type, owner_id, department, risk_level, status, last_review_date, next_review_due) VALUES (73, 'Model_73', 'Clustering', 34, 'Corporate', 'Medium', 'Retired', '2021-07-23', '2024-03-22');
INSERT INTO models (model_id, model_name, model_type, owner_id, department, risk_level, status, last_review_date, next_review_due) VALUES (74, 'Model_74', 'Classification', 69, 'Marketing', 'High', 'Retired', '2023-08-26', '2024-10-15');
INSERT INTO models (model_id, model_name, model_type, owner_id, department, risk_level, status, last_review_date, next_review_due) VALUES (75, 'Model_75', 'Regression', 92, 'Credit', 'High', 'In Development', '2021-01-03', '2024-04-11');
INSERT INTO models (model_id, model_name, model_type, owner_id, department, risk_level, status, last_review_date, next_review_due) VALUES (76, 'Model_76', 'Classification', 83, 'Marketing', 'Low', 'In Development', '2023-01-24', '2024-08-06');
INSERT INTO models (model_id, model_name, model_type, owner_id, department, risk_level, status, last_review_date, next_review_due) VALUES (77, 'Model_77', 'Classification', 37, 'Retail', 'Low', 'Retired', '2023-06-02', '2025-06-01');
INSERT INTO models (model_id, model_name, model_type, owner_id, department, risk_level, status, last_review_date, next_review_due) VALUES (78, 'Model_78', 'Time Series', 91, 'Corporate', 'Medium', 'Retired', '2022-02-10', '2024-02-10');
INSERT INTO models (model_id, model_name, model_type, owner_id, department, risk_level, status, last_review_date, next_review_due) VALUES (79, 'Model_79', 'Time Series', 50, 'Marketing', 'Medium', 'In Development', '2022-12-09', '2025-05-05');
INSERT INTO models (model_id, model_name, model_type, owner_id, department, risk_level, status, last_review_date, next_review_due) VALUES (80, 'Model_80', 'Clustering', 9, 'Fraud', 'Medium', 'In Development', '2021-02-09', '2024-05-29');
INSERT INTO models (model_id, model_name, model_type, owner_id, department, risk_level, status, last_review_date, next_review_due) VALUES (81, 'Model_81', 'Clustering', 22, 'Fraud', 'Medium', 'In Development', '2021-05-11', '2024-05-15');
INSERT INTO models (model_id, model_name, model_type, owner_id, department, risk_level, status, last_review_date, next_review_due) VALUES (82, 'Model_82', 'Clustering', 83, 'Corporate', 'Medium', 'In Development', '2022-10-20', '2025-02-28');
INSERT INTO models (model_id, model_name, model_type, owner_id, department, risk_level, status, last_review_date, next_review_due) VALUES (83, 'Model_83', 'Regression', 37, 'Corporate', 'Low', 'In Use', '2021-03-25', '2025-01-11');
INSERT INTO models (model_id, model_name, model_type, owner_id, department, risk_level, status, last_review_date, next_review_due) VALUES (84, 'Model_84', 'Regression', 43, 'Fraud', 'High', 'In Development', '2022-07-30', '2025-04-29');
INSERT INTO models (model_id, model_name, model_type, owner_id, department, risk_level, status, last_review_date, next_review_due) VALUES (85, 'Model_85', 'Clustering', 70, 'Credit', 'Low', 'Retired', '2021-10-25', '2025-02-03');
INSERT INTO models (model_id, model_name, model_type, owner_id, department, risk_level, status, last_review_date, next_review_due) VALUES (86, 'Model_86', 'Time Series', 68, 'Corporate', 'Medium', 'Retired', '2022-03-07', '2024-02-17');
INSERT INTO models (model_id, model_name, model_type, owner_id, department, risk_level, status, last_review_date, next_review_due) VALUES (87, 'Model_87', 'Clustering', 70, 'Marketing', 'High', 'Retired', '2023-03-09', '2025-11-04');
INSERT INTO models (model_id, model_name, model_type, owner_id, department, risk_level, status, last_review_date, next_review_due) VALUES (88, 'Model_88', 'Time Series', 57, 'Credit', 'Low', 'Retired', '2021-02-11', '2025-07-24');
INSERT INTO models (model_id, model_name, model_type, owner_id, department, risk_level, status, last_review_date, next_review_due) VALUES (89, 'Model_89', 'Time Series', 71, 'Marketing', 'Low', 'In Use', '2021-10-31', '2024-01-12');
INSERT INTO models (model_id, model_name, model_type, owner_id, department, risk_level, status, last_review_date, next_review_due) VALUES (90, 'Model_90', 'Time Series', 86, 'Retail', 'Medium', 'In Use', '2023-02-10', '2025-06-05');
INSERT INTO models (model_id, model_name, model_type, owner_id, department, risk_level, status, last_review_date, next_review_due) VALUES (91, 'Model_91', 'Clustering', 40, 'Credit', 'Medium', 'Retired', '2021-02-04', '2025-01-29');
INSERT INTO models (model_id, model_name, model_type, owner_id, department, risk_level, status, last_review_date, next_review_due) VALUES (92, 'Model_92', 'Time Series', 100, 'Credit', 'Low', 'In Development', '2023-02-15', '2025-12-16');
INSERT INTO models (model_id, model_name, model_type, owner_id, department, risk_level, status, last_review_date, next_review_due) VALUES (93, 'Model_93', 'Classification', 92, 'Marketing', 'High', 'In Development', '2022-04-09', '2024-12-21');
INSERT INTO models (model_id, model_name, model_type, owner_id, department, risk_level, status, last_review_date, next_review_due) VALUES (94, 'Model_94', 'Time Series', 94, 'Corporate', 'Low', 'Retired', '2021-02-09', '2025-12-08');
INSERT INTO models (model_id, model_name, model_type, owner_id, department, risk_level, status, last_review_date, next_review_due) VALUES (95, 'Model_95', 'Classification', 23, 'Marketing', 'Medium', 'In Use', '2021-04-20', '2024-07-05');
INSERT INTO models (model_id, model_name, model_type, owner_id, department, risk_level, status, last_review_date, next_review_due) VALUES (96, 'Model_96', 'Time Series', 70, 'Corporate', 'High', 'In Use', '2021-05-05', '2025-05-21');
INSERT INTO models (model_id, model_name, model_type, owner_id, department, risk_level, status, last_review_date, next_review_due) VALUES (97, 'Model_97', 'Clustering', 47, 'Retail', 'Low', 'In Use', '2021-04-04', '2025-03-15');
INSERT INTO models (model_id, model_name, model_type, owner_id, department, risk_level, status, last_review_date, next_review_due) VALUES (98, 'Model_98', 'Clustering', 30, 'Marketing', 'Low', 'Retired', '2022-12-02', '2024-12-03');
INSERT INTO models (model_id, model_name, model_type, owner_id, department, risk_level, status, last_review_date, next_review_due) VALUES (99, 'Model_99', 'Regression', 26, 'Marketing', 'Low', 'In Development', '2022-08-05', '2025-05-07');
INSERT INTO models (model_id, model_name, model_type, owner_id, department, risk_level, status, last_review_date, next_review_due) VALUES (100, 'Model_100', 'Classification', 54, 'Fraud', 'High', 'In Development', '2021-08-31', '2025-10-23');
INSERT INTO validation_reports (report_id, model_id, validation_date, validator_name, issues_found, status) VALUES (1, 27, '2023-07-08', 'Priya Sharma', 'Issue 1', 'Approved');
INSERT INTO validation_reports (report_id, model_id, validation_date, validator_name, issues_found, status) VALUES (2, 32, '2024-04-30', 'Karan Yadav', 'Issue 2', 'Rejected');
INSERT INTO validation_reports (report_id, model_id, validation_date, validator_name, issues_found, status) VALUES (3, 67, '2023-09-04', 'Priya Sharma', 'Issue 3', 'Action Required');
INSERT INTO validation_reports (report_id, model_id, validation_date, validator_name, issues_found, status) VALUES (4, 90, '2024-05-09', 'Rahul Yadav', 'Issue 4', 'Action Required');
INSERT INTO validation_reports (report_id, model_id, validation_date, validator_name, issues_found, status) VALUES (5, 62, '2024-05-20', 'Vanshika Chaudhary', 'Issue 5', 'Rejected');
INSERT INTO validation_reports (report_id, model_id, validation_date, validator_name, issues_found, status) VALUES (6, 22, '2022-05-29', 'Vanshika Malik', 'Issue 6', 'Action Required');
INSERT INTO validation_reports (report_id, model_id, validation_date, validator_name, issues_found, status) VALUES (7, 39, '2022-09-10', 'Rohit Verma', 'Issue 7', 'Approved');
INSERT INTO validation_reports (report_id, model_id, validation_date, validator_name, issues_found, status) VALUES (8, 41, '2024-02-23', 'Simran Gupta', 'Issue 8', 'Rejected');
INSERT INTO validation_reports (report_id, model_id, validation_date, validator_name, issues_found, status) VALUES (9, 91, '2022-03-27', 'Rohit Malik', 'Issue 9', 'Approved');
INSERT INTO validation_reports (report_id, model_id, validation_date, validator_name, issues_found, status) VALUES (10, 85, '2023-08-13', 'Rohit Yadav', 'Issue 10', 'Approved');
INSERT INTO validation_reports (report_id, model_id, validation_date, validator_name, issues_found, status) VALUES (11, 64, '2022-05-12', 'Simran Yadav', 'Issue 11', 'Rejected');
INSERT INTO validation_reports (report_id, model_id, validation_date, validator_name, issues_found, status) VALUES (12, 91, '2022-11-05', 'Vanshika Sharma', 'Issue 12', 'Action Required');
INSERT INTO validation_reports (report_id, model_id, validation_date, validator_name, issues_found, status) VALUES (13, 33, '2024-04-11', 'Karan Yadav', 'Issue 13', 'Action Required');
INSERT INTO validation_reports (report_id, model_id, validation_date, validator_name, issues_found, status) VALUES (14, 19, '2023-03-31', 'Priya Yadav', 'Issue 14', 'Action Required');
INSERT INTO validation_reports (report_id, model_id, validation_date, validator_name, issues_found, status) VALUES (15, 4, '2023-12-07', 'Rohit Sharma', 'Issue 15', 'Approved');
INSERT INTO validation_reports (report_id, model_id, validation_date, validator_name, issues_found, status) VALUES (16, 11, '2022-09-22', 'Simran Singh', 'Issue 16', 'Action Required');
INSERT INTO validation_reports (report_id, model_id, validation_date, validator_name, issues_found, status) VALUES (17, 18, '2024-04-18', 'Simran Chaudhary', 'Issue 17', 'Approved');
INSERT INTO validation_reports (report_id, model_id, validation_date, validator_name, issues_found, status) VALUES (18, 39, '2022-07-12', 'Rohit Yadav', 'Issue 18', 'Rejected');
INSERT INTO validation_reports (report_id, model_id, validation_date, validator_name, issues_found, status) VALUES (19, 52, '2022-12-21', 'Priya Singh', 'Issue 19', 'Rejected');
INSERT INTO validation_reports (report_id, model_id, validation_date, validator_name, issues_found, status) VALUES (20, 28, '2023-07-07', 'Amit Chaudhary', 'Issue 20', 'Approved');
INSERT INTO validation_reports (report_id, model_id, validation_date, validator_name, issues_found, status) VALUES (21, 40, '2022-03-01', 'Amit Gupta', 'Issue 21', 'Action Required');
INSERT INTO validation_reports (report_id, model_id, validation_date, validator_name, issues_found, status) VALUES (22, 16, '2023-07-13', 'Priya Gupta', 'Issue 22', 'Rejected');
INSERT INTO validation_reports (report_id, model_id, validation_date, validator_name, issues_found, status) VALUES (23, 39, '2022-02-20', 'Karan Chaudhary', 'Issue 23', 'Approved');
INSERT INTO validation_reports (report_id, model_id, validation_date, validator_name, issues_found, status) VALUES (24, 68, '2024-04-29', 'Vanshika Singh', 'Issue 24', 'Approved');
INSERT INTO validation_reports (report_id, model_id, validation_date, validator_name, issues_found, status) VALUES (25, 74, '2022-04-29', 'Rohit Malik', 'Issue 25', 'Approved');
INSERT INTO validation_reports (report_id, model_id, validation_date, validator_name, issues_found, status) VALUES (26, 69, '2022-11-08', 'Neha Singh', 'Issue 26', 'Action Required');
INSERT INTO validation_reports (report_id, model_id, validation_date, validator_name, issues_found, status) VALUES (27, 97, '2022-04-18', 'Amit Kumar', 'Issue 27', 'Action Required');
INSERT INTO validation_reports (report_id, model_id, validation_date, validator_name, issues_found, status) VALUES (28, 98, '2022-02-28', 'Karan Chaudhary', 'Issue 28', 'Approved');
INSERT INTO validation_reports (report_id, model_id, validation_date, validator_name, issues_found, status) VALUES (29, 32, '2022-04-21', 'Neha Kumar', 'Issue 29', 'Action Required');
INSERT INTO validation_reports (report_id, model_id, validation_date, validator_name, issues_found, status) VALUES (30, 33, '2023-07-06', 'Karan Verma', 'Issue 30', 'Rejected');
INSERT INTO validation_reports (report_id, model_id, validation_date, validator_name, issues_found, status) VALUES (31, 97, '2022-08-13', 'Amit Singh', 'Issue 31', 'Approved');
INSERT INTO validation_reports (report_id, model_id, validation_date, validator_name, issues_found, status) VALUES (32, 73, '2022-09-06', 'Karan Yadav', 'Issue 32', 'Rejected');
INSERT INTO validation_reports (report_id, model_id, validation_date, validator_name, issues_found, status) VALUES (33, 54, '2022-12-31', 'Neha Chaudhary', 'Issue 33', 'Rejected');
INSERT INTO validation_reports (report_id, model_id, validation_date, validator_name, issues_found, status) VALUES (34, 53, '2023-07-18', 'Vanshika Singh', 'Issue 34', 'Approved');
INSERT INTO validation_reports (report_id, model_id, validation_date, validator_name, issues_found, status) VALUES (35, 38, '2023-04-25', 'Rahul Malik', 'Issue 35', 'Approved');
INSERT INTO validation_reports (report_id, model_id, validation_date, validator_name, issues_found, status) VALUES (36, 36, '2022-03-10', 'Simran Malik', 'Issue 36', 'Approved');
INSERT INTO validation_reports (report_id, model_id, validation_date, validator_name, issues_found, status) VALUES (37, 94, '2024-01-13', 'Vanshika Singh', 'Issue 37', 'Rejected');
INSERT INTO validation_reports (report_id, model_id, validation_date, validator_name, issues_found, status) VALUES (38, 71, '2022-09-20', 'Neha Verma', 'Issue 38', 'Rejected');
INSERT INTO validation_reports (report_id, model_id, validation_date, validator_name, issues_found, status) VALUES (39, 18, '2023-10-25', 'Amit Chaudhary', 'Issue 39', 'Rejected');
INSERT INTO validation_reports (report_id, model_id, validation_date, validator_name, issues_found, status) VALUES (40, 33, '2023-02-07', 'Rohit Malik', 'Issue 40', 'Rejected');
INSERT INTO validation_reports (report_id, model_id, validation_date, validator_name, issues_found, status) VALUES (41, 69, '2023-08-02', 'Priya Verma', 'Issue 41', 'Action Required');
INSERT INTO validation_reports (report_id, model_id, validation_date, validator_name, issues_found, status) VALUES (42, 56, '2022-05-07', 'Simran Yadav', 'Issue 42', 'Approved');
INSERT INTO validation_reports (report_id, model_id, validation_date, validator_name, issues_found, status) VALUES (43, 31, '2022-05-28', 'Rahul Verma', 'Issue 43', 'Action Required');
INSERT INTO validation_reports (report_id, model_id, validation_date, validator_name, issues_found, status) VALUES (44, 39, '2022-06-05', 'Rahul Chaudhary', 'Issue 44', 'Approved');
INSERT INTO validation_reports (report_id, model_id, validation_date, validator_name, issues_found, status) VALUES (45, 45, '2023-10-21', 'Priya Chaudhary', 'Issue 45', 'Action Required');
INSERT INTO validation_reports (report_id, model_id, validation_date, validator_name, issues_found, status) VALUES (46, 47, '2024-03-09', 'Rohit Chaudhary', 'Issue 46', 'Rejected');
INSERT INTO validation_reports (report_id, model_id, validation_date, validator_name, issues_found, status) VALUES (47, 64, '2023-07-05', 'Rahul Malik', 'Issue 47', 'Approved');
INSERT INTO validation_reports (report_id, model_id, validation_date, validator_name, issues_found, status) VALUES (48, 39, '2024-01-23', 'Rohit Chaudhary', 'Issue 48', 'Action Required');
INSERT INTO validation_reports (report_id, model_id, validation_date, validator_name, issues_found, status) VALUES (49, 81, '2024-01-21', 'Vanshika Gupta', 'Issue 49', 'Action Required');
INSERT INTO validation_reports (report_id, model_id, validation_date, validator_name, issues_found, status) VALUES (50, 57, '2023-01-22', 'Rohit Kumar', 'Issue 50', 'Action Required');
INSERT INTO validation_reports (report_id, model_id, validation_date, validator_name, issues_found, status) VALUES (51, 98, '2023-06-30', 'Vanshika Kumar', 'Issue 51', 'Action Required');
INSERT INTO validation_reports (report_id, model_id, validation_date, validator_name, issues_found, status) VALUES (52, 67, '2023-02-23', 'Amit Malik', 'Issue 52', 'Rejected');
INSERT INTO validation_reports (report_id, model_id, validation_date, validator_name, issues_found, status) VALUES (53, 95, '2022-04-25', 'Vanshika Kumar', 'Issue 53', 'Approved');
INSERT INTO validation_reports (report_id, model_id, validation_date, validator_name, issues_found, status) VALUES (54, 2, '2023-01-19', 'Rahul Yadav', 'Issue 54', 'Approved');
INSERT INTO validation_reports (report_id, model_id, validation_date, validator_name, issues_found, status) VALUES (55, 21, '2023-12-21', 'Rohit Chaudhary', 'Issue 55', 'Action Required');
INSERT INTO validation_reports (report_id, model_id, validation_date, validator_name, issues_found, status) VALUES (56, 41, '2024-05-24', 'Rohit Kumar', 'Issue 56', 'Approved');
INSERT INTO validation_reports (report_id, model_id, validation_date, validator_name, issues_found, status) VALUES (57, 81, '2023-11-26', 'Rahul Verma', 'Issue 57', 'Approved');
INSERT INTO validation_reports (report_id, model_id, validation_date, validator_name, issues_found, status) VALUES (58, 33, '2022-11-10', 'Karan Yadav', 'Issue 58', 'Approved');
INSERT INTO validation_reports (report_id, model_id, validation_date, validator_name, issues_found, status) VALUES (59, 14, '2024-03-15', 'Vanshika Yadav', 'Issue 59', 'Rejected');
INSERT INTO validation_reports (report_id, model_id, validation_date, validator_name, issues_found, status) VALUES (60, 55, '2023-04-02', 'Karan Malik', 'Issue 60', 'Rejected');
INSERT INTO validation_reports (report_id, model_id, validation_date, validator_name, issues_found, status) VALUES (61, 17, '2023-11-23', 'Vanshika Yadav', 'Issue 61', 'Rejected');
INSERT INTO validation_reports (report_id, model_id, validation_date, validator_name, issues_found, status) VALUES (62, 25, '2023-02-10', 'Karan Chaudhary', 'Issue 62', 'Rejected');
INSERT INTO validation_reports (report_id, model_id, validation_date, validator_name, issues_found, status) VALUES (63, 23, '2022-03-25', 'Neha Singh', 'Issue 63', 'Action Required');
INSERT INTO validation_reports (report_id, model_id, validation_date, validator_name, issues_found, status) VALUES (64, 61, '2023-04-07', 'Simran Malik', 'Issue 64', 'Approved');
INSERT INTO validation_reports (report_id, model_id, validation_date, validator_name, issues_found, status) VALUES (65, 12, '2024-03-26', 'Karan Singh', 'Issue 65', 'Rejected');
INSERT INTO validation_reports (report_id, model_id, validation_date, validator_name, issues_found, status) VALUES (66, 38, '2024-04-22', 'Neha Verma', 'Issue 66', 'Rejected');
INSERT INTO validation_reports (report_id, model_id, validation_date, validator_name, issues_found, status) VALUES (67, 23, '2024-03-08', 'Amit Singh', 'Issue 67', 'Action Required');
INSERT INTO validation_reports (report_id, model_id, validation_date, validator_name, issues_found, status) VALUES (68, 11, '2023-10-21', 'Amit Yadav', 'Issue 68', 'Rejected');
INSERT INTO validation_reports (report_id, model_id, validation_date, validator_name, issues_found, status) VALUES (69, 3, '2023-09-19', 'Neha Sharma', 'Issue 69', 'Approved');
INSERT INTO validation_reports (report_id, model_id, validation_date, validator_name, issues_found, status) VALUES (70, 9, '2022-01-14', 'Priya Kumar', 'Issue 70', 'Action Required');
INSERT INTO validation_reports (report_id, model_id, validation_date, validator_name, issues_found, status) VALUES (71, 88, '2022-07-20', 'Amit Yadav', 'Issue 71', 'Action Required');
INSERT INTO validation_reports (report_id, model_id, validation_date, validator_name, issues_found, status) VALUES (72, 74, '2022-09-09', 'Neha Gupta', 'Issue 72', 'Approved');
INSERT INTO validation_reports (report_id, model_id, validation_date, validator_name, issues_found, status) VALUES (73, 83, '2023-10-31', 'Rohit Kumar', 'Issue 73', 'Approved');
INSERT INTO validation_reports (report_id, model_id, validation_date, validator_name, issues_found, status) VALUES (74, 41, '2023-11-11', 'Karan Malik', 'Issue 74', 'Rejected');
INSERT INTO validation_reports (report_id, model_id, validation_date, validator_name, issues_found, status) VALUES (75, 73, '2022-02-07', 'Karan Chaudhary', 'Issue 75', 'Action Required');
INSERT INTO validation_reports (report_id, model_id, validation_date, validator_name, issues_found, status) VALUES (76, 79, '2023-04-05', 'Amit Chaudhary', 'Issue 76', 'Rejected');
INSERT INTO validation_reports (report_id, model_id, validation_date, validator_name, issues_found, status) VALUES (77, 95, '2023-05-09', 'Neha Yadav', 'Issue 77', 'Rejected');
INSERT INTO validation_reports (report_id, model_id, validation_date, validator_name, issues_found, status) VALUES (78, 22, '2022-06-10', 'Amit Chaudhary', 'Issue 78', 'Action Required');
INSERT INTO validation_reports (report_id, model_id, validation_date, validator_name, issues_found, status) VALUES (79, 51, '2024-05-17', 'Rohit Sharma', 'Issue 79', 'Action Required');
INSERT INTO validation_reports (report_id, model_id, validation_date, validator_name, issues_found, status) VALUES (80, 71, '2024-01-06', 'Amit Verma', 'Issue 80', 'Rejected');
INSERT INTO validation_reports (report_id, model_id, validation_date, validator_name, issues_found, status) VALUES (81, 52, '2024-01-07', 'Rohit Malik', 'Issue 81', 'Action Required');
INSERT INTO validation_reports (report_id, model_id, validation_date, validator_name, issues_found, status) VALUES (82, 90, '2023-06-28', 'Amit Chaudhary', 'Issue 82', 'Action Required');
INSERT INTO validation_reports (report_id, model_id, validation_date, validator_name, issues_found, status) VALUES (83, 28, '2023-01-16', 'Simran Gupta', 'Issue 83', 'Approved');
INSERT INTO validation_reports (report_id, model_id, validation_date, validator_name, issues_found, status) VALUES (84, 53, '2023-06-30', 'Neha Chaudhary', 'Issue 84', 'Approved');
INSERT INTO validation_reports (report_id, model_id, validation_date, validator_name, issues_found, status) VALUES (85, 12, '2023-05-07', 'Rahul Chaudhary', 'Issue 85', 'Action Required');
INSERT INTO validation_reports (report_id, model_id, validation_date, validator_name, issues_found, status) VALUES (86, 16, '2024-02-19', 'Priya Chaudhary', 'Issue 86', 'Approved');
INSERT INTO validation_reports (report_id, model_id, validation_date, validator_name, issues_found, status) VALUES (87, 65, '2023-03-01', 'Rahul Malik', 'Issue 87', 'Approved');
INSERT INTO validation_reports (report_id, model_id, validation_date, validator_name, issues_found, status) VALUES (88, 5, '2023-04-03', 'Neha Gupta', 'Issue 88', 'Approved');
INSERT INTO validation_reports (report_id, model_id, validation_date, validator_name, issues_found, status) VALUES (89, 100, '2023-02-01', 'Vanshika Singh', 'Issue 89', 'Action Required');
INSERT INTO validation_reports (report_id, model_id, validation_date, validator_name, issues_found, status) VALUES (90, 60, '2024-03-08', 'Rohit Chaudhary', 'Issue 90', 'Action Required');
INSERT INTO validation_reports (report_id, model_id, validation_date, validator_name, issues_found, status) VALUES (91, 5, '2023-05-01', 'Rohit Sharma', 'Issue 91', 'Rejected');
INSERT INTO validation_reports (report_id, model_id, validation_date, validator_name, issues_found, status) VALUES (92, 84, '2024-02-13', 'Neha Malik', 'Issue 92', 'Action Required');
INSERT INTO validation_reports (report_id, model_id, validation_date, validator_name, issues_found, status) VALUES (93, 41, '2024-05-24', 'Priya Gupta', 'Issue 93', 'Approved');
INSERT INTO validation_reports (report_id, model_id, validation_date, validator_name, issues_found, status) VALUES (94, 73, '2023-08-08', 'Karan Malik', 'Issue 94', 'Action Required');
INSERT INTO validation_reports (report_id, model_id, validation_date, validator_name, issues_found, status) VALUES (95, 35, '2022-01-18', 'Rahul Singh', 'Issue 95', 'Approved');
INSERT INTO validation_reports (report_id, model_id, validation_date, validator_name, issues_found, status) VALUES (96, 75, '2024-01-20', 'Karan Chaudhary', 'Issue 96', 'Approved');
INSERT INTO validation_reports (report_id, model_id, validation_date, validator_name, issues_found, status) VALUES (97, 78, '2023-11-10', 'Amit Singh', 'Issue 97', 'Approved');
INSERT INTO validation_reports (report_id, model_id, validation_date, validator_name, issues_found, status) VALUES (98, 15, '2022-10-19', 'Rahul Yadav', 'Issue 98', 'Approved');
INSERT INTO validation_reports (report_id, model_id, validation_date, validator_name, issues_found, status) VALUES (99, 65, '2023-08-30', 'Amit Gupta', 'Issue 99', 'Action Required');
INSERT INTO validation_reports (report_id, model_id, validation_date, validator_name, issues_found, status) VALUES (100, 73, '2023-12-06', 'Karan Chaudhary', 'Issue 100', 'Rejected');
INSERT INTO risk_flags (flag_id, model_id, raised_on, flag_type, severity, status, closed_on) VALUES (1, 91, '2024-04-29', 'Overfitting', 'High', 'Closed', '2024-09-04');
INSERT INTO risk_flags (flag_id, model_id, raised_on, flag_type, severity, status, closed_on) VALUES (2, 79, '2023-01-14', 'Bias', 'Low', 'Open', '2025-01-30');
INSERT INTO risk_flags (flag_id, model_id, raised_on, flag_type, severity, status, closed_on) VALUES (3, 8, '2024-03-20', 'Bias', 'Low', 'Open', NULL);
INSERT INTO risk_flags (flag_id, model_id, raised_on, flag_type, severity, status, closed_on) VALUES (4, 44, '2024-02-27', 'Data Drift', 'Medium', 'Closed', '2024-04-26');
INSERT INTO risk_flags (flag_id, model_id, raised_on, flag_type, severity, status, closed_on) VALUES (5, 70, '2023-01-25', 'Overfitting', 'Medium', 'Open', '2024-08-02');
INSERT INTO risk_flags (flag_id, model_id, raised_on, flag_type, severity, status, closed_on) VALUES (6, 91, '2024-04-13', 'Bias', 'Low', 'Open', '2024-07-13');
INSERT INTO risk_flags (flag_id, model_id, raised_on, flag_type, severity, status, closed_on) VALUES (7, 49, '2024-03-12', 'Data Drift', 'High', 'Open', NULL);
INSERT INTO risk_flags (flag_id, model_id, raised_on, flag_type, severity, status, closed_on) VALUES (8, 48, '2024-09-22', 'Overfitting', 'Medium', 'Closed', '2025-06-29');
INSERT INTO risk_flags (flag_id, model_id, raised_on, flag_type, severity, status, closed_on) VALUES (9, 35, '2023-03-13', 'Model Decay', 'High', 'Open', NULL);
INSERT INTO risk_flags (flag_id, model_id, raised_on, flag_type, severity, status, closed_on) VALUES (10, 26, '2023-06-25', 'Model Decay', 'Low', 'Closed', NULL);
INSERT INTO risk_flags (flag_id, model_id, raised_on, flag_type, severity, status, closed_on) VALUES (11, 14, '2023-05-26', 'Model Decay', 'Medium', 'Closed', '2024-05-07');
INSERT INTO risk_flags (flag_id, model_id, raised_on, flag_type, severity, status, closed_on) VALUES (12, 77, '2024-11-12', 'Data Drift', 'High', 'Closed', '2024-05-21');
INSERT INTO risk_flags (flag_id, model_id, raised_on, flag_type, severity, status, closed_on) VALUES (13, 88, '2024-03-23', 'Model Decay', 'Medium', 'Closed', '2024-04-19');
INSERT INTO risk_flags (flag_id, model_id, raised_on, flag_type, severity, status, closed_on) VALUES (14, 12, '2023-01-01', 'Model Decay', 'Medium', 'Open', NULL);
INSERT INTO risk_flags (flag_id, model_id, raised_on, flag_type, severity, status, closed_on) VALUES (15, 3, '2024-05-06', 'Bias', 'High', 'Open', NULL);
INSERT INTO risk_flags (flag_id, model_id, raised_on, flag_type, severity, status, closed_on) VALUES (16, 43, '2024-11-02', 'Overfitting', 'Low', 'Open', NULL);
INSERT INTO risk_flags (flag_id, model_id, raised_on, flag_type, severity, status, closed_on) VALUES (17, 60, '2024-04-26', 'Bias', 'Low', 'Closed', '2025-02-26');
INSERT INTO risk_flags (flag_id, model_id, raised_on, flag_type, severity, status, closed_on) VALUES (18, 62, '2024-10-08', 'Data Drift', 'Low', 'Open', '2025-06-24');
INSERT INTO risk_flags (flag_id, model_id, raised_on, flag_type, severity, status, closed_on) VALUES (19, 70, '2023-07-23', 'Data Drift', 'Medium', 'Closed', NULL);
INSERT INTO risk_flags (flag_id, model_id, raised_on, flag_type, severity, status, closed_on) VALUES (20, 62, '2024-01-12', 'Data Drift', 'High', 'Closed', '2025-01-30');
INSERT INTO risk_flags (flag_id, model_id, raised_on, flag_type, severity, status, closed_on) VALUES (21, 5, '2024-08-14', 'Model Decay', 'Medium', 'Open', NULL);
INSERT INTO risk_flags (flag_id, model_id, raised_on, flag_type, severity, status, closed_on) VALUES (22, 16, '2023-01-12', 'Bias', 'Low', 'Closed', '2025-02-03');
INSERT INTO risk_flags (flag_id, model_id, raised_on, flag_type, severity, status, closed_on) VALUES (23, 32, '2023-12-01', 'Overfitting', 'Medium', 'Open', NULL);
INSERT INTO risk_flags (flag_id, model_id, raised_on, flag_type, severity, status, closed_on) VALUES (24, 9, '2024-05-24', 'Overfitting', 'Low', 'Open', NULL);
INSERT INTO risk_flags (flag_id, model_id, raised_on, flag_type, severity, status, closed_on) VALUES (25, 95, '2024-11-11', 'Overfitting', 'Medium', 'Closed', NULL);
INSERT INTO risk_flags (flag_id, model_id, raised_on, flag_type, severity, status, closed_on) VALUES (26, 28, '2023-11-13', 'Overfitting', 'High', 'Open', '2024-04-22');
INSERT INTO risk_flags (flag_id, model_id, raised_on, flag_type, severity, status, closed_on) VALUES (27, 14, '2023-06-01', 'Overfitting', 'Medium', 'Open', NULL);
INSERT INTO risk_flags (flag_id, model_id, raised_on, flag_type, severity, status, closed_on) VALUES (28, 62, '2023-10-17', 'Overfitting', 'Low', 'Open', NULL);
INSERT INTO risk_flags (flag_id, model_id, raised_on, flag_type, severity, status, closed_on) VALUES (29, 5, '2024-04-12', 'Model Decay', 'High', 'Closed', NULL);
INSERT INTO risk_flags (flag_id, model_id, raised_on, flag_type, severity, status, closed_on) VALUES (30, 99, '2024-10-31', 'Overfitting', 'Low', 'Open', '2024-03-21');
INSERT INTO risk_flags (flag_id, model_id, raised_on, flag_type, severity, status, closed_on) VALUES (31, 37, '2023-11-02', 'Data Drift', 'Low', 'Closed', '2025-06-19');
INSERT INTO risk_flags (flag_id, model_id, raised_on, flag_type, severity, status, closed_on) VALUES (32, 46, '2024-11-07', 'Bias', 'Low', 'Open', '2025-03-14');
INSERT INTO risk_flags (flag_id, model_id, raised_on, flag_type, severity, status, closed_on) VALUES (33, 64, '2024-02-02', 'Bias', 'Low', 'Closed', NULL);
INSERT INTO risk_flags (flag_id, model_id, raised_on, flag_type, severity, status, closed_on) VALUES (34, 8, '2023-11-30', 'Data Drift', 'Medium', 'Closed', NULL);
INSERT INTO risk_flags (flag_id, model_id, raised_on, flag_type, severity, status, closed_on) VALUES (35, 89, '2023-09-19', 'Bias', 'High', 'Open', NULL);
INSERT INTO risk_flags (flag_id, model_id, raised_on, flag_type, severity, status, closed_on) VALUES (36, 85, '2024-11-22', 'Overfitting', 'Medium', 'Open', '2024-05-15');
INSERT INTO risk_flags (flag_id, model_id, raised_on, flag_type, severity, status, closed_on) VALUES (37, 6, '2024-10-31', 'Bias', 'Low', 'Closed', NULL);
INSERT INTO risk_flags (flag_id, model_id, raised_on, flag_type, severity, status, closed_on) VALUES (38, 39, '2023-03-17', 'Overfitting', 'Medium', 'Closed', '2024-02-28');
INSERT INTO risk_flags (flag_id, model_id, raised_on, flag_type, severity, status, closed_on) VALUES (39, 93, '2024-07-30', 'Model Decay', 'Medium', 'Closed', '2024-06-03');
INSERT INTO risk_flags (flag_id, model_id, raised_on, flag_type, severity, status, closed_on) VALUES (40, 54, '2023-12-29', 'Model Decay', 'Medium', 'Closed', NULL);
INSERT INTO risk_flags (flag_id, model_id, raised_on, flag_type, severity, status, closed_on) VALUES (41, 63, '2023-08-01', 'Overfitting', 'High', 'Closed', '2024-04-04');
INSERT INTO risk_flags (flag_id, model_id, raised_on, flag_type, severity, status, closed_on) VALUES (42, 62, '2023-04-07', 'Data Drift', 'Medium', 'Open', NULL);
INSERT INTO risk_flags (flag_id, model_id, raised_on, flag_type, severity, status, closed_on) VALUES (43, 51, '2024-12-08', 'Model Decay', 'Medium', 'Open', '2024-05-18');
INSERT INTO risk_flags (flag_id, model_id, raised_on, flag_type, severity, status, closed_on) VALUES (44, 43, '2024-05-02', 'Overfitting', 'Low', 'Closed', '2024-02-29');
INSERT INTO risk_flags (flag_id, model_id, raised_on, flag_type, severity, status, closed_on) VALUES (45, 27, '2024-04-11', 'Overfitting', 'High', 'Closed', '2024-10-06');
INSERT INTO risk_flags (flag_id, model_id, raised_on, flag_type, severity, status, closed_on) VALUES (46, 71, '2023-10-04', 'Bias', 'Medium', 'Closed', '2024-01-29');
INSERT INTO risk_flags (flag_id, model_id, raised_on, flag_type, severity, status, closed_on) VALUES (47, 21, '2024-10-07', 'Data Drift', 'Medium', 'Open', '2024-08-13');
INSERT INTO risk_flags (flag_id, model_id, raised_on, flag_type, severity, status, closed_on) VALUES (48, 92, '2024-09-05', 'Bias', 'Low', 'Closed', '2025-04-24');
INSERT INTO risk_flags (flag_id, model_id, raised_on, flag_type, severity, status, closed_on) VALUES (49, 25, '2023-12-24', 'Bias', 'High', 'Open', NULL);
INSERT INTO risk_flags (flag_id, model_id, raised_on, flag_type, severity, status, closed_on) VALUES (50, 61, '2024-07-11', 'Model Decay', 'High', 'Open', '2025-06-16');
INSERT INTO risk_flags (flag_id, model_id, raised_on, flag_type, severity, status, closed_on) VALUES (51, 71, '2024-03-04', 'Model Decay', 'Medium', 'Open', NULL);
INSERT INTO risk_flags (flag_id, model_id, raised_on, flag_type, severity, status, closed_on) VALUES (52, 70, '2024-10-02', 'Bias', 'Medium', 'Open', '2025-01-02');
INSERT INTO risk_flags (flag_id, model_id, raised_on, flag_type, severity, status, closed_on) VALUES (53, 32, '2023-12-24', 'Bias', 'High', 'Closed', '2024-12-08');
INSERT INTO risk_flags (flag_id, model_id, raised_on, flag_type, severity, status, closed_on) VALUES (54, 40, '2024-02-05', 'Overfitting', 'High', 'Open', '2024-03-23');
INSERT INTO risk_flags (flag_id, model_id, raised_on, flag_type, severity, status, closed_on) VALUES (55, 29, '2024-01-14', 'Data Drift', 'Medium', 'Closed', NULL);
INSERT INTO risk_flags (flag_id, model_id, raised_on, flag_type, severity, status, closed_on) VALUES (56, 28, '2023-10-31', 'Bias', 'High', 'Open', NULL);
INSERT INTO risk_flags (flag_id, model_id, raised_on, flag_type, severity, status, closed_on) VALUES (57, 50, '2023-10-25', 'Model Decay', 'Low', 'Closed', NULL);
INSERT INTO risk_flags (flag_id, model_id, raised_on, flag_type, severity, status, closed_on) VALUES (58, 27, '2023-11-03', 'Model Decay', 'Low', 'Closed', '2024-02-23');
INSERT INTO risk_flags (flag_id, model_id, raised_on, flag_type, severity, status, closed_on) VALUES (59, 29, '2023-06-07', 'Data Drift', 'High', 'Closed', NULL);
INSERT INTO risk_flags (flag_id, model_id, raised_on, flag_type, severity, status, closed_on) VALUES (60, 79, '2024-04-24', 'Bias', 'Medium', 'Open', NULL);
INSERT INTO risk_flags (flag_id, model_id, raised_on, flag_type, severity, status, closed_on) VALUES (61, 47, '2024-06-16', 'Overfitting', 'Low', 'Closed', NULL);
INSERT INTO risk_flags (flag_id, model_id, raised_on, flag_type, severity, status, closed_on) VALUES (62, 48, '2024-09-26', 'Data Drift', 'Medium', 'Open', NULL);
INSERT INTO risk_flags (flag_id, model_id, raised_on, flag_type, severity, status, closed_on) VALUES (63, 75, '2024-06-09', 'Bias', 'High', 'Closed', NULL);
INSERT INTO risk_flags (flag_id, model_id, raised_on, flag_type, severity, status, closed_on) VALUES (64, 48, '2023-03-06', 'Data Drift', 'High', 'Closed', NULL);
INSERT INTO risk_flags (flag_id, model_id, raised_on, flag_type, severity, status, closed_on) VALUES (65, 75, '2023-10-17', 'Overfitting', 'Low', 'Closed', '2025-05-14');
INSERT INTO risk_flags (flag_id, model_id, raised_on, flag_type, severity, status, closed_on) VALUES (66, 90, '2024-02-07', 'Model Decay', 'Medium', 'Open', '2024-02-20');
INSERT INTO risk_flags (flag_id, model_id, raised_on, flag_type, severity, status, closed_on) VALUES (67, 48, '2024-10-18', 'Overfitting', 'Low', 'Closed', NULL);
INSERT INTO risk_flags (flag_id, model_id, raised_on, flag_type, severity, status, closed_on) VALUES (68, 10, '2024-02-23', 'Bias', 'Medium', 'Closed', NULL);
INSERT INTO risk_flags (flag_id, model_id, raised_on, flag_type, severity, status, closed_on) VALUES (69, 73, '2023-06-18', 'Data Drift', 'High', 'Open', NULL);
INSERT INTO risk_flags (flag_id, model_id, raised_on, flag_type, severity, status, closed_on) VALUES (70, 83, '2024-12-09', 'Bias', 'Low', 'Open', '2024-08-10');
INSERT INTO risk_flags (flag_id, model_id, raised_on, flag_type, severity, status, closed_on) VALUES (71, 61, '2023-12-31', 'Overfitting', 'Medium', 'Open', NULL);
INSERT INTO risk_flags (flag_id, model_id, raised_on, flag_type, severity, status, closed_on) VALUES (72, 2, '2024-08-26', 'Model Decay', 'Low', 'Closed', '2025-03-27');
INSERT INTO risk_flags (flag_id, model_id, raised_on, flag_type, severity, status, closed_on) VALUES (73, 15, '2023-05-30', 'Data Drift', 'High', 'Closed', NULL);
INSERT INTO risk_flags (flag_id, model_id, raised_on, flag_type, severity, status, closed_on) VALUES (74, 62, '2024-03-18', 'Model Decay', 'Low', 'Open', NULL);
INSERT INTO risk_flags (flag_id, model_id, raised_on, flag_type, severity, status, closed_on) VALUES (75, 86, '2024-11-04', 'Overfitting', 'Low', 'Closed', NULL);
INSERT INTO risk_flags (flag_id, model_id, raised_on, flag_type, severity, status, closed_on) VALUES (76, 51, '2023-07-02', 'Overfitting', 'Low', 'Open', '2025-05-01');
INSERT INTO risk_flags (flag_id, model_id, raised_on, flag_type, severity, status, closed_on) VALUES (77, 54, '2023-09-29', 'Model Decay', 'Medium', 'Closed', NULL);
INSERT INTO risk_flags (flag_id, model_id, raised_on, flag_type, severity, status, closed_on) VALUES (78, 16, '2023-05-10', 'Data Drift', 'High', 'Closed', NULL);
INSERT INTO risk_flags (flag_id, model_id, raised_on, flag_type, severity, status, closed_on) VALUES (79, 27, '2023-01-31', 'Model Decay', 'Medium', 'Closed', NULL);
INSERT INTO risk_flags (flag_id, model_id, raised_on, flag_type, severity, status, closed_on) VALUES (80, 71, '2023-03-28', 'Data Drift', 'High', 'Closed', '2024-05-30');
INSERT INTO risk_flags (flag_id, model_id, raised_on, flag_type, severity, status, closed_on) VALUES (81, 94, '2023-10-26', 'Model Decay', 'Medium', 'Closed', NULL);
INSERT INTO risk_flags (flag_id, model_id, raised_on, flag_type, severity, status, closed_on) VALUES (82, 66, '2024-09-10', 'Data Drift', 'Low', 'Closed', '2024-02-20');
INSERT INTO risk_flags (flag_id, model_id, raised_on, flag_type, severity, status, closed_on) VALUES (83, 41, '2024-02-23', 'Overfitting', 'Low', 'Open', '2025-03-02');
INSERT INTO risk_flags (flag_id, model_id, raised_on, flag_type, severity, status, closed_on) VALUES (84, 86, '2023-09-07', 'Overfitting', 'Medium', 'Closed', '2025-04-01');
INSERT INTO risk_flags (flag_id, model_id, raised_on, flag_type, severity, status, closed_on) VALUES (85, 32, '2024-05-18', 'Model Decay', 'Low', 'Closed', NULL);
INSERT INTO risk_flags (flag_id, model_id, raised_on, flag_type, severity, status, closed_on) VALUES (86, 75, '2024-01-08', 'Data Drift', 'Low', 'Closed', NULL);
INSERT INTO risk_flags (flag_id, model_id, raised_on, flag_type, severity, status, closed_on) VALUES (87, 91, '2023-08-11', 'Model Decay', 'Low', 'Closed', '2024-06-25');
INSERT INTO risk_flags (flag_id, model_id, raised_on, flag_type, severity, status, closed_on) VALUES (88, 98, '2023-12-11', 'Overfitting', 'Low', 'Open', '2024-10-17');
INSERT INTO risk_flags (flag_id, model_id, raised_on, flag_type, severity, status, closed_on) VALUES (89, 56, '2024-06-03', 'Model Decay', 'Low', 'Closed', NULL);
INSERT INTO risk_flags (flag_id, model_id, raised_on, flag_type, severity, status, closed_on) VALUES (90, 28, '2024-05-26', 'Overfitting', 'Low', 'Closed', NULL);
INSERT INTO risk_flags (flag_id, model_id, raised_on, flag_type, severity, status, closed_on) VALUES (91, 35, '2024-12-24', 'Model Decay', 'High', 'Closed', '2024-09-24');
INSERT INTO risk_flags (flag_id, model_id, raised_on, flag_type, severity, status, closed_on) VALUES (92, 98, '2024-02-12', 'Data Drift', 'Medium', 'Open', '2025-03-27');
INSERT INTO risk_flags (flag_id, model_id, raised_on, flag_type, severity, status, closed_on) VALUES (93, 17, '2023-02-08', 'Model Decay', 'Medium', 'Open', '2025-05-04');
INSERT INTO risk_flags (flag_id, model_id, raised_on, flag_type, severity, status, closed_on) VALUES (94, 98, '2023-06-24', 'Model Decay', 'High', 'Open', '2024-11-04');
INSERT INTO risk_flags (flag_id, model_id, raised_on, flag_type, severity, status, closed_on) VALUES (95, 62, '2024-06-14', 'Bias', 'Low', 'Closed', '2024-08-11');
INSERT INTO risk_flags (flag_id, model_id, raised_on, flag_type, severity, status, closed_on) VALUES (96, 98, '2023-01-06', 'Model Decay', 'Medium', 'Closed', NULL);
INSERT INTO risk_flags (flag_id, model_id, raised_on, flag_type, severity, status, closed_on) VALUES (97, 89, '2024-11-20', 'Data Drift', 'High', 'Closed', '2025-04-01');
INSERT INTO risk_flags (flag_id, model_id, raised_on, flag_type, severity, status, closed_on) VALUES (98, 63, '2023-11-13', 'Model Decay', 'Medium', 'Open', NULL);
INSERT INTO risk_flags (flag_id, model_id, raised_on, flag_type, severity, status, closed_on) VALUES (99, 14, '2023-12-09', 'Bias', 'Medium', 'Open', '2024-04-21');
INSERT INTO risk_flags (flag_id, model_id, raised_on, flag_type, severity, status, closed_on) VALUES (100, 4, '2024-02-03', 'Bias', 'High', 'Closed', NULL);
INSERT INTO review_cycles (cycle_id, model_id, start_date, end_date, outcome) VALUES (1, 99, '2022-06-25', '2024-04-20', 'Passed');
INSERT INTO review_cycles (cycle_id, model_id, start_date, end_date, outcome) VALUES (2, 8, '2023-02-06', '2024-09-27', 'Passed');
INSERT INTO review_cycles (cycle_id, model_id, start_date, end_date, outcome) VALUES (3, 80, '2022-08-06', '2024-07-18', 'Passed');
INSERT INTO review_cycles (cycle_id, model_id, start_date, end_date, outcome) VALUES (4, 45, '2023-06-25', '2024-11-19', 'Deferred');
INSERT INTO review_cycles (cycle_id, model_id, start_date, end_date, outcome) VALUES (5, 65, '2023-01-06', '2024-09-05', 'Deferred');
INSERT INTO review_cycles (cycle_id, model_id, start_date, end_date, outcome) VALUES (6, 90, '2023-01-22', '2024-06-10', 'Passed');
INSERT INTO review_cycles (cycle_id, model_id, start_date, end_date, outcome) VALUES (7, 79, '2023-08-20', '2025-05-19', 'Deferred');
INSERT INTO review_cycles (cycle_id, model_id, start_date, end_date, outcome) VALUES (8, 9, '2023-11-03', '2024-08-05', 'Passed');
INSERT INTO review_cycles (cycle_id, model_id, start_date, end_date, outcome) VALUES (9, 93, '2023-10-02', '2025-05-04', 'Failed');
INSERT INTO review_cycles (cycle_id, model_id, start_date, end_date, outcome) VALUES (10, 39, '2023-04-17', '2024-12-03', 'Deferred');
INSERT INTO review_cycles (cycle_id, model_id, start_date, end_date, outcome) VALUES (11, 6, '2022-07-11', '2025-01-05', 'Passed');
INSERT INTO review_cycles (cycle_id, model_id, start_date, end_date, outcome) VALUES (12, 6, '2023-04-24', '2024-09-19', 'Failed');
INSERT INTO review_cycles (cycle_id, model_id, start_date, end_date, outcome) VALUES (13, 93, '2022-06-29', '2024-09-15', 'Passed');
INSERT INTO review_cycles (cycle_id, model_id, start_date, end_date, outcome) VALUES (14, 8, '2023-11-01', '2024-07-26', 'Failed');
INSERT INTO review_cycles (cycle_id, model_id, start_date, end_date, outcome) VALUES (15, 59, '2023-03-17', '2024-06-10', 'Deferred');
INSERT INTO review_cycles (cycle_id, model_id, start_date, end_date, outcome) VALUES (16, 98, '2022-07-04', '2025-05-15', 'Failed');
INSERT INTO review_cycles (cycle_id, model_id, start_date, end_date, outcome) VALUES (17, 31, '2022-02-18', '2025-04-22', 'Passed');
INSERT INTO review_cycles (cycle_id, model_id, start_date, end_date, outcome) VALUES (18, 100, '2023-02-11', '2025-01-18', 'Deferred');
INSERT INTO review_cycles (cycle_id, model_id, start_date, end_date, outcome) VALUES (19, 15, '2022-07-05', '2025-04-09', 'Failed');
INSERT INTO review_cycles (cycle_id, model_id, start_date, end_date, outcome) VALUES (20, 90, '2022-11-07', '2024-10-07', 'Failed');
INSERT INTO review_cycles (cycle_id, model_id, start_date, end_date, outcome) VALUES (21, 51, '2022-01-19', '2024-06-20', 'Deferred');
INSERT INTO review_cycles (cycle_id, model_id, start_date, end_date, outcome) VALUES (22, 15, '2023-10-10', '2024-05-26', 'Passed');
INSERT INTO review_cycles (cycle_id, model_id, start_date, end_date, outcome) VALUES (23, 64, '2022-12-23', '2024-03-30', 'Failed');
INSERT INTO review_cycles (cycle_id, model_id, start_date, end_date, outcome) VALUES (24, 61, '2022-03-28', '2024-04-29', 'Passed');
INSERT INTO review_cycles (cycle_id, model_id, start_date, end_date, outcome) VALUES (25, 80, '2023-03-23', '2025-03-31', 'Deferred');
INSERT INTO review_cycles (cycle_id, model_id, start_date, end_date, outcome) VALUES (26, 30, '2022-03-16', '2024-11-23', 'Passed');
INSERT INTO review_cycles (cycle_id, model_id, start_date, end_date, outcome) VALUES (27, 7, '2022-06-17', '2024-11-13', 'Passed');
INSERT INTO review_cycles (cycle_id, model_id, start_date, end_date, outcome) VALUES (28, 12, '2022-01-16', '2025-05-10', 'Passed');
INSERT INTO review_cycles (cycle_id, model_id, start_date, end_date, outcome) VALUES (29, 77, '2023-03-25', '2024-05-14', 'Deferred');
INSERT INTO review_cycles (cycle_id, model_id, start_date, end_date, outcome) VALUES (30, 2, '2022-05-01', '2025-06-06', 'Deferred');
INSERT INTO review_cycles (cycle_id, model_id, start_date, end_date, outcome) VALUES (31, 35, '2023-05-11', '2024-07-01', 'Failed');
INSERT INTO review_cycles (cycle_id, model_id, start_date, end_date, outcome) VALUES (32, 35, '2022-06-20', '2025-04-19', 'Deferred');
INSERT INTO review_cycles (cycle_id, model_id, start_date, end_date, outcome) VALUES (33, 49, '2023-01-15', '2025-06-19', 'Failed');
INSERT INTO review_cycles (cycle_id, model_id, start_date, end_date, outcome) VALUES (34, 34, '2023-10-27', '2025-04-30', 'Failed');
INSERT INTO review_cycles (cycle_id, model_id, start_date, end_date, outcome) VALUES (35, 1, '2023-01-19', '2025-03-24', 'Passed');
INSERT INTO review_cycles (cycle_id, model_id, start_date, end_date, outcome) VALUES (36, 8, '2022-06-07', '2024-06-01', 'Passed');
INSERT INTO review_cycles (cycle_id, model_id, start_date, end_date, outcome) VALUES (37, 66, '2023-10-20', '2024-08-02', 'Deferred');
INSERT INTO review_cycles (cycle_id, model_id, start_date, end_date, outcome) VALUES (38, 42, '2023-05-28', '2024-12-15', 'Deferred');
INSERT INTO review_cycles (cycle_id, model_id, start_date, end_date, outcome) VALUES (39, 9, '2023-01-03', '2024-01-02', 'Failed');
INSERT INTO review_cycles (cycle_id, model_id, start_date, end_date, outcome) VALUES (40, 77, '2022-01-25', '2024-10-01', 'Passed');
INSERT INTO review_cycles (cycle_id, model_id, start_date, end_date, outcome) VALUES (41, 48, '2022-01-06', '2024-02-20', 'Passed');
INSERT INTO review_cycles (cycle_id, model_id, start_date, end_date, outcome) VALUES (42, 27, '2022-09-29', '2025-04-19', 'Deferred');
INSERT INTO review_cycles (cycle_id, model_id, start_date, end_date, outcome) VALUES (43, 48, '2022-08-27', '2024-03-20', 'Deferred');
INSERT INTO review_cycles (cycle_id, model_id, start_date, end_date, outcome) VALUES (44, 61, '2023-05-08', '2024-05-11', 'Failed');
INSERT INTO review_cycles (cycle_id, model_id, start_date, end_date, outcome) VALUES (45, 40, '2022-08-11', '2024-08-28', 'Failed');
INSERT INTO review_cycles (cycle_id, model_id, start_date, end_date, outcome) VALUES (46, 76, '2022-11-11', '2024-07-10', 'Deferred');
INSERT INTO review_cycles (cycle_id, model_id, start_date, end_date, outcome) VALUES (47, 61, '2023-09-20', '2024-12-13', 'Failed');
INSERT INTO review_cycles (cycle_id, model_id, start_date, end_date, outcome) VALUES (48, 12, '2023-07-20', '2025-06-04', 'Deferred');
INSERT INTO review_cycles (cycle_id, model_id, start_date, end_date, outcome) VALUES (49, 33, '2023-10-09', '2025-03-02', 'Failed');
INSERT INTO review_cycles (cycle_id, model_id, start_date, end_date, outcome) VALUES (50, 81, '2023-12-16', '2025-06-08', 'Deferred');
INSERT INTO review_cycles (cycle_id, model_id, start_date, end_date, outcome) VALUES (51, 41, '2022-04-03', '2024-04-06', 'Deferred');
INSERT INTO review_cycles (cycle_id, model_id, start_date, end_date, outcome) VALUES (52, 7, '2023-08-26', '2024-11-16', 'Passed');
INSERT INTO review_cycles (cycle_id, model_id, start_date, end_date, outcome) VALUES (53, 11, '2022-06-04', '2025-07-01', 'Passed');
INSERT INTO review_cycles (cycle_id, model_id, start_date, end_date, outcome) VALUES (54, 76, '2022-08-27', '2024-12-28', 'Passed');
INSERT INTO review_cycles (cycle_id, model_id, start_date, end_date, outcome) VALUES (55, 67, '2023-03-19', '2025-04-26', 'Deferred');
INSERT INTO review_cycles (cycle_id, model_id, start_date, end_date, outcome) VALUES (56, 7, '2023-05-30', '2024-09-03', 'Failed');
INSERT INTO review_cycles (cycle_id, model_id, start_date, end_date, outcome) VALUES (57, 65, '2022-12-09', '2024-12-02', 'Passed');
INSERT INTO review_cycles (cycle_id, model_id, start_date, end_date, outcome) VALUES (58, 6, '2022-08-02', '2024-05-31', 'Deferred');
INSERT INTO review_cycles (cycle_id, model_id, start_date, end_date, outcome) VALUES (59, 18, '2022-12-09', '2024-08-23', 'Passed');
INSERT INTO review_cycles (cycle_id, model_id, start_date, end_date, outcome) VALUES (60, 4, '2023-06-25', '2025-05-02', 'Failed');
INSERT INTO review_cycles (cycle_id, model_id, start_date, end_date, outcome) VALUES (61, 57, '2022-12-16', '2025-05-10', 'Passed');
INSERT INTO review_cycles (cycle_id, model_id, start_date, end_date, outcome) VALUES (62, 6, '2023-08-24', '2024-08-15', 'Deferred');
INSERT INTO review_cycles (cycle_id, model_id, start_date, end_date, outcome) VALUES (63, 29, '2022-03-15', '2024-04-24', 'Passed');
INSERT INTO review_cycles (cycle_id, model_id, start_date, end_date, outcome) VALUES (64, 53, '2022-11-04', '2024-08-21', 'Deferred');
INSERT INTO review_cycles (cycle_id, model_id, start_date, end_date, outcome) VALUES (65, 73, '2023-06-20', '2024-08-16', 'Deferred');
INSERT INTO review_cycles (cycle_id, model_id, start_date, end_date, outcome) VALUES (66, 33, '2023-08-30', '2024-04-12', 'Passed');
INSERT INTO review_cycles (cycle_id, model_id, start_date, end_date, outcome) VALUES (67, 18, '2022-08-15', '2024-07-18', 'Failed');
INSERT INTO review_cycles (cycle_id, model_id, start_date, end_date, outcome) VALUES (68, 73, '2023-09-14', '2024-04-29', 'Failed');
INSERT INTO review_cycles (cycle_id, model_id, start_date, end_date, outcome) VALUES (69, 79, '2023-02-24', '2025-04-05', 'Deferred');
INSERT INTO review_cycles (cycle_id, model_id, start_date, end_date, outcome) VALUES (70, 4, '2023-06-02', '2024-10-05', 'Failed');
INSERT INTO review_cycles (cycle_id, model_id, start_date, end_date, outcome) VALUES (71, 91, '2023-05-27', '2024-03-21', 'Deferred');
INSERT INTO review_cycles (cycle_id, model_id, start_date, end_date, outcome) VALUES (72, 84, '2022-03-25', '2024-02-10', 'Deferred');
INSERT INTO review_cycles (cycle_id, model_id, start_date, end_date, outcome) VALUES (73, 17, '2022-03-03', '2024-03-12', 'Deferred');
INSERT INTO review_cycles (cycle_id, model_id, start_date, end_date, outcome) VALUES (74, 47, '2023-11-12', '2024-07-25', 'Deferred');
INSERT INTO review_cycles (cycle_id, model_id, start_date, end_date, outcome) VALUES (75, 12, '2022-02-07', '2024-03-27', 'Failed');
INSERT INTO review_cycles (cycle_id, model_id, start_date, end_date, outcome) VALUES (76, 29, '2022-06-19', '2024-09-12', 'Failed');
INSERT INTO review_cycles (cycle_id, model_id, start_date, end_date, outcome) VALUES (77, 91, '2022-09-19', '2024-04-11', 'Failed');
INSERT INTO review_cycles (cycle_id, model_id, start_date, end_date, outcome) VALUES (78, 23, '2022-12-31', '2024-01-03', 'Deferred');
INSERT INTO review_cycles (cycle_id, model_id, start_date, end_date, outcome) VALUES (79, 50, '2023-11-22', '2025-01-11', 'Passed');
INSERT INTO review_cycles (cycle_id, model_id, start_date, end_date, outcome) VALUES (80, 83, '2022-04-04', '2024-06-28', 'Passed');
INSERT INTO review_cycles (cycle_id, model_id, start_date, end_date, outcome) VALUES (81, 22, '2023-11-29', '2024-07-31', 'Failed');
INSERT INTO review_cycles (cycle_id, model_id, start_date, end_date, outcome) VALUES (82, 22, '2022-06-14', '2024-10-12', 'Failed');
INSERT INTO review_cycles (cycle_id, model_id, start_date, end_date, outcome) VALUES (83, 51, '2023-02-15', '2024-10-05', 'Failed');
INSERT INTO review_cycles (cycle_id, model_id, start_date, end_date, outcome) VALUES (84, 5, '2023-05-14', '2025-06-28', 'Failed');
INSERT INTO review_cycles (cycle_id, model_id, start_date, end_date, outcome) VALUES (85, 1, '2022-09-21', '2025-04-03', 'Deferred');
INSERT INTO review_cycles (cycle_id, model_id, start_date, end_date, outcome) VALUES (86, 24, '2022-04-16', '2024-08-24', 'Deferred');
INSERT INTO review_cycles (cycle_id, model_id, start_date, end_date, outcome) VALUES (87, 88, '2022-11-07', '2025-04-01', 'Deferred');
INSERT INTO review_cycles (cycle_id, model_id, start_date, end_date, outcome) VALUES (88, 23, '2022-07-15', '2024-01-06', 'Passed');
INSERT INTO review_cycles (cycle_id, model_id, start_date, end_date, outcome) VALUES (89, 85, '2023-04-17', '2025-03-13', 'Deferred');
INSERT INTO review_cycles (cycle_id, model_id, start_date, end_date, outcome) VALUES (90, 64, '2022-07-28', '2024-03-19', 'Failed');
INSERT INTO review_cycles (cycle_id, model_id, start_date, end_date, outcome) VALUES (91, 16, '2023-12-16', '2025-03-19', 'Failed');
INSERT INTO review_cycles (cycle_id, model_id, start_date, end_date, outcome) VALUES (92, 93, '2023-08-17', '2025-02-05', 'Passed');
INSERT INTO review_cycles (cycle_id, model_id, start_date, end_date, outcome) VALUES (93, 39, '2023-09-22', '2024-05-15', 'Passed');
INSERT INTO review_cycles (cycle_id, model_id, start_date, end_date, outcome) VALUES (94, 86, '2022-09-06', '2024-09-04', 'Deferred');
INSERT INTO review_cycles (cycle_id, model_id, start_date, end_date, outcome) VALUES (95, 44, '2023-09-03', '2025-03-21', 'Deferred');
INSERT INTO review_cycles (cycle_id, model_id, start_date, end_date, outcome) VALUES (96, 82, '2022-06-13', '2025-04-26', 'Failed');
INSERT INTO review_cycles (cycle_id, model_id, start_date, end_date, outcome) VALUES (97, 41, '2022-08-21', '2024-04-06', 'Passed');
INSERT INTO review_cycles (cycle_id, model_id, start_date, end_date, outcome) VALUES (98, 4, '2023-04-03', '2024-06-18', 'Failed');
INSERT INTO review_cycles (cycle_id, model_id, start_date, end_date, outcome) VALUES (99, 39, '2022-07-01', '2024-06-08', 'Failed');
INSERT INTO review_cycles (cycle_id, model_id, start_date, end_date, outcome) VALUES (100, 65, '2023-08-04', '2025-04-16', 'Deferred');
INSERT INTO model_audit_log (log_id, model_id, changed_field, old_value, new_value, changed_by) VALUES (1, 72, 'risk_level', 'Medium', 'High', 'Rohit Singh');
INSERT INTO model_audit_log (log_id, model_id, changed_field, old_value, new_value, changed_by) VALUES (2, 46, 'risk_level', 'Medium', 'High', 'Rohit Sharma');
INSERT INTO model_audit_log (log_id, model_id, changed_field, old_value, new_value, changed_by) VALUES (3, 30, 'risk_level', 'Medium', 'High', 'Amit Sharma');
INSERT INTO model_audit_log (log_id, model_id, changed_field, old_value, new_value, changed_by) VALUES (4, 10, 'risk_level', 'Medium', 'High', 'Vanshika Singh');
INSERT INTO model_audit_log (log_id, model_id, changed_field, old_value, new_value, changed_by) VALUES (5, 84, 'risk_level', 'Medium', 'High', 'Vanshika Gupta');
INSERT INTO model_audit_log (log_id, model_id, changed_field, old_value, new_value, changed_by) VALUES (6, 25, 'risk_level', 'Medium', 'High', 'Karan Singh');
INSERT INTO model_audit_log (log_id, model_id, changed_field, old_value, new_value, changed_by) VALUES (7, 23, 'risk_level', 'Medium', 'High', 'Priya Kumar');
INSERT INTO model_audit_log (log_id, model_id, changed_field, old_value, new_value, changed_by) VALUES (8, 92, 'risk_level', 'Medium', 'High', 'Amit Verma');
INSERT INTO model_audit_log (log_id, model_id, changed_field, old_value, new_value, changed_by) VALUES (9, 90, 'risk_level', 'Medium', 'High', 'Karan Verma');
INSERT INTO model_audit_log (log_id, model_id, changed_field, old_value, new_value, changed_by) VALUES (10, 33, 'risk_level', 'Medium', 'High', 'Neha Gupta');
INSERT INTO model_audit_log (log_id, model_id, changed_field, old_value, new_value, changed_by) VALUES (11, 66, 'risk_level', 'Medium', 'High', 'Rohit Sharma');
INSERT INTO model_audit_log (log_id, model_id, changed_field, old_value, new_value, changed_by) VALUES (12, 52, 'risk_level', 'Medium', 'High', 'Priya Yadav');
INSERT INTO model_audit_log (log_id, model_id, changed_field, old_value, new_value, changed_by) VALUES (13, 37, 'risk_level', 'Medium', 'High', 'Rahul Chaudhary');
INSERT INTO model_audit_log (log_id, model_id, changed_field, old_value, new_value, changed_by) VALUES (14, 87, 'risk_level', 'Medium', 'High', 'Rohit Gupta');
INSERT INTO model_audit_log (log_id, model_id, changed_field, old_value, new_value, changed_by) VALUES (15, 63, 'risk_level', 'Medium', 'High', 'Rahul Gupta');
INSERT INTO model_audit_log (log_id, model_id, changed_field, old_value, new_value, changed_by) VALUES (16, 66, 'risk_level', 'Medium', 'High', 'Vanshika Verma');
INSERT INTO model_audit_log (log_id, model_id, changed_field, old_value, new_value, changed_by) VALUES (17, 83, 'risk_level', 'Medium', 'High', 'Rohit Kumar');
INSERT INTO model_audit_log (log_id, model_id, changed_field, old_value, new_value, changed_by) VALUES (18, 93, 'risk_level', 'Medium', 'High', 'Simran Chaudhary');
INSERT INTO model_audit_log (log_id, model_id, changed_field, old_value, new_value, changed_by) VALUES (19, 50, 'risk_level', 'Medium', 'High', 'Rahul Chaudhary');
INSERT INTO model_audit_log (log_id, model_id, changed_field, old_value, new_value, changed_by) VALUES (20, 39, 'risk_level', 'Medium', 'High', 'Neha Yadav');
INSERT INTO model_audit_log (log_id, model_id, changed_field, old_value, new_value, changed_by) VALUES (21, 79, 'risk_level', 'Medium', 'High', 'Rohit Sharma');
INSERT INTO model_audit_log (log_id, model_id, changed_field, old_value, new_value, changed_by) VALUES (22, 1, 'risk_level', 'Medium', 'High', 'Neha Kumar');
INSERT INTO model_audit_log (log_id, model_id, changed_field, old_value, new_value, changed_by) VALUES (23, 96, 'risk_level', 'Medium', 'High', 'Vanshika Yadav');
INSERT INTO model_audit_log (log_id, model_id, changed_field, old_value, new_value, changed_by) VALUES (24, 50, 'risk_level', 'Medium', 'High', 'Karan Verma');
INSERT INTO model_audit_log (log_id, model_id, changed_field, old_value, new_value, changed_by) VALUES (25, 75, 'risk_level', 'Medium', 'High', 'Vanshika Sharma');
INSERT INTO model_audit_log (log_id, model_id, changed_field, old_value, new_value, changed_by) VALUES (26, 83, 'risk_level', 'Medium', 'High', 'Rohit Chaudhary');
INSERT INTO model_audit_log (log_id, model_id, changed_field, old_value, new_value, changed_by) VALUES (27, 51, 'risk_level', 'Medium', 'High', 'Rahul Yadav');
INSERT INTO model_audit_log (log_id, model_id, changed_field, old_value, new_value, changed_by) VALUES (28, 4, 'risk_level', 'Medium', 'High', 'Simran Singh');
INSERT INTO model_audit_log (log_id, model_id, changed_field, old_value, new_value, changed_by) VALUES (29, 32, 'risk_level', 'Medium', 'High', 'Karan Gupta');
INSERT INTO model_audit_log (log_id, model_id, changed_field, old_value, new_value, changed_by) VALUES (30, 57, 'risk_level', 'Medium', 'High', 'Rohit Chaudhary');
INSERT INTO model_audit_log (log_id, model_id, changed_field, old_value, new_value, changed_by) VALUES (31, 72, 'risk_level', 'Medium', 'High', 'Priya Gupta');
INSERT INTO model_audit_log (log_id, model_id, changed_field, old_value, new_value, changed_by) VALUES (32, 42, 'risk_level', 'Medium', 'High', 'Rahul Sharma');
INSERT INTO model_audit_log (log_id, model_id, changed_field, old_value, new_value, changed_by) VALUES (33, 28, 'risk_level', 'Medium', 'High', 'Vanshika Yadav');
INSERT INTO model_audit_log (log_id, model_id, changed_field, old_value, new_value, changed_by) VALUES (34, 15, 'risk_level', 'Medium', 'High', 'Rahul Malik');
INSERT INTO model_audit_log (log_id, model_id, changed_field, old_value, new_value, changed_by) VALUES (35, 45, 'risk_level', 'Medium', 'High', 'Karan Chaudhary');
INSERT INTO model_audit_log (log_id, model_id, changed_field, old_value, new_value, changed_by) VALUES (36, 44, 'risk_level', 'Medium', 'High', 'Priya Singh');
INSERT INTO model_audit_log (log_id, model_id, changed_field, old_value, new_value, changed_by) VALUES (37, 5, 'risk_level', 'Medium', 'High', 'Karan Chaudhary');
INSERT INTO model_audit_log (log_id, model_id, changed_field, old_value, new_value, changed_by) VALUES (38, 80, 'risk_level', 'Medium', 'High', 'Priya Gupta');
INSERT INTO model_audit_log (log_id, model_id, changed_field, old_value, new_value, changed_by) VALUES (39, 77, 'risk_level', 'Medium', 'High', 'Simran Kumar');
INSERT INTO model_audit_log (log_id, model_id, changed_field, old_value, new_value, changed_by) VALUES (40, 94, 'risk_level', 'Medium', 'High', 'Amit Sharma');
INSERT INTO model_audit_log (log_id, model_id, changed_field, old_value, new_value, changed_by) VALUES (41, 95, 'risk_level', 'Medium', 'High', 'Priya Sharma');
INSERT INTO model_audit_log (log_id, model_id, changed_field, old_value, new_value, changed_by) VALUES (42, 31, 'risk_level', 'Medium', 'High', 'Karan Chaudhary');
INSERT INTO model_audit_log (log_id, model_id, changed_field, old_value, new_value, changed_by) VALUES (43, 39, 'risk_level', 'Medium', 'High', 'Rohit Chaudhary');
INSERT INTO model_audit_log (log_id, model_id, changed_field, old_value, new_value, changed_by) VALUES (44, 46, 'risk_level', 'Medium', 'High', 'Rahul Chaudhary');
INSERT INTO model_audit_log (log_id, model_id, changed_field, old_value, new_value, changed_by) VALUES (45, 34, 'risk_level', 'Medium', 'High', 'Karan Gupta');
INSERT INTO model_audit_log (log_id, model_id, changed_field, old_value, new_value, changed_by) VALUES (46, 82, 'risk_level', 'Medium', 'High', 'Karan Yadav');
INSERT INTO model_audit_log (log_id, model_id, changed_field, old_value, new_value, changed_by) VALUES (47, 91, 'risk_level', 'Medium', 'High', 'Amit Gupta');
INSERT INTO model_audit_log (log_id, model_id, changed_field, old_value, new_value, changed_by) VALUES (48, 57, 'risk_level', 'Medium', 'High', 'Amit Verma');
INSERT INTO model_audit_log (log_id, model_id, changed_field, old_value, new_value, changed_by) VALUES (49, 72, 'risk_level', 'Medium', 'High', 'Karan Verma');
INSERT INTO model_audit_log (log_id, model_id, changed_field, old_value, new_value, changed_by) VALUES (50, 47, 'risk_level', 'Medium', 'High', 'Rohit Kumar');
INSERT INTO model_audit_log (log_id, model_id, changed_field, old_value, new_value, changed_by) VALUES (51, 15, 'risk_level', 'Medium', 'High', 'Karan Chaudhary');
INSERT INTO model_audit_log (log_id, model_id, changed_field, old_value, new_value, changed_by) VALUES (52, 68, 'risk_level', 'Medium', 'High', 'Rohit Kumar');
INSERT INTO model_audit_log (log_id, model_id, changed_field, old_value, new_value, changed_by) VALUES (53, 100, 'risk_level', 'Medium', 'High', 'Simran Singh');
INSERT INTO model_audit_log (log_id, model_id, changed_field, old_value, new_value, changed_by) VALUES (54, 70, 'risk_level', 'Medium', 'High', 'Amit Kumar');
INSERT INTO model_audit_log (log_id, model_id, changed_field, old_value, new_value, changed_by) VALUES (55, 99, 'risk_level', 'Medium', 'High', 'Simran Singh');
INSERT INTO model_audit_log (log_id, model_id, changed_field, old_value, new_value, changed_by) VALUES (56, 65, 'risk_level', 'Medium', 'High', 'Rahul Malik');
INSERT INTO model_audit_log (log_id, model_id, changed_field, old_value, new_value, changed_by) VALUES (57, 99, 'risk_level', 'Medium', 'High', 'Priya Malik');
INSERT INTO model_audit_log (log_id, model_id, changed_field, old_value, new_value, changed_by) VALUES (58, 53, 'risk_level', 'Medium', 'High', 'Rahul Malik');
INSERT INTO model_audit_log (log_id, model_id, changed_field, old_value, new_value, changed_by) VALUES (59, 84, 'risk_level', 'Medium', 'High', 'Karan Malik');
INSERT INTO model_audit_log (log_id, model_id, changed_field, old_value, new_value, changed_by) VALUES (60, 22, 'risk_level', 'Medium', 'High', 'Priya Singh');
INSERT INTO model_audit_log (log_id, model_id, changed_field, old_value, new_value, changed_by) VALUES (61, 86, 'risk_level', 'Medium', 'High', 'Vanshika Yadav');
INSERT INTO model_audit_log (log_id, model_id, changed_field, old_value, new_value, changed_by) VALUES (62, 38, 'risk_level', 'Medium', 'High', 'Rahul Kumar');
INSERT INTO model_audit_log (log_id, model_id, changed_field, old_value, new_value, changed_by) VALUES (63, 12, 'risk_level', 'Medium', 'High', 'Karan Malik');
INSERT INTO model_audit_log (log_id, model_id, changed_field, old_value, new_value, changed_by) VALUES (64, 48, 'risk_level', 'Medium', 'High', 'Simran Gupta');
INSERT INTO model_audit_log (log_id, model_id, changed_field, old_value, new_value, changed_by) VALUES (65, 15, 'risk_level', 'Medium', 'High', 'Vanshika Singh');
INSERT INTO model_audit_log (log_id, model_id, changed_field, old_value, new_value, changed_by) VALUES (66, 48, 'risk_level', 'Medium', 'High', 'Rahul Gupta');
INSERT INTO model_audit_log (log_id, model_id, changed_field, old_value, new_value, changed_by) VALUES (67, 30, 'risk_level', 'Medium', 'High', 'Karan Gupta');
INSERT INTO model_audit_log (log_id, model_id, changed_field, old_value, new_value, changed_by) VALUES (68, 8, 'risk_level', 'Medium', 'High', 'Rohit Sharma');
INSERT INTO model_audit_log (log_id, model_id, changed_field, old_value, new_value, changed_by) VALUES (69, 86, 'risk_level', 'Medium', 'High', 'Rohit Yadav');
INSERT INTO model_audit_log (log_id, model_id, changed_field, old_value, new_value, changed_by) VALUES (70, 4, 'risk_level', 'Medium', 'High', 'Amit Gupta');
INSERT INTO model_audit_log (log_id, model_id, changed_field, old_value, new_value, changed_by) VALUES (71, 92, 'risk_level', 'Medium', 'High', 'Simran Kumar');
INSERT INTO model_audit_log (log_id, model_id, changed_field, old_value, new_value, changed_by) VALUES (72, 25, 'risk_level', 'Medium', 'High', 'Rahul Singh');
INSERT INTO model_audit_log (log_id, model_id, changed_field, old_value, new_value, changed_by) VALUES (73, 29, 'risk_level', 'Medium', 'High', 'Vanshika Sharma');
INSERT INTO model_audit_log (log_id, model_id, changed_field, old_value, new_value, changed_by) VALUES (74, 76, 'risk_level', 'Medium', 'High', 'Rohit Malik');
INSERT INTO model_audit_log (log_id, model_id, changed_field, old_value, new_value, changed_by) VALUES (75, 75, 'risk_level', 'Medium', 'High', 'Neha Kumar');
INSERT INTO model_audit_log (log_id, model_id, changed_field, old_value, new_value, changed_by) VALUES (76, 50, 'risk_level', 'Medium', 'High', 'Rohit Singh');
INSERT INTO model_audit_log (log_id, model_id, changed_field, old_value, new_value, changed_by) VALUES (77, 86, 'risk_level', 'Medium', 'High', 'Priya Sharma');
INSERT INTO model_audit_log (log_id, model_id, changed_field, old_value, new_value, changed_by) VALUES (78, 18, 'risk_level', 'Medium', 'High', 'Neha Kumar');
INSERT INTO model_audit_log (log_id, model_id, changed_field, old_value, new_value, changed_by) VALUES (79, 85, 'risk_level', 'Medium', 'High', 'Simran Singh');
INSERT INTO model_audit_log (log_id, model_id, changed_field, old_value, new_value, changed_by) VALUES (80, 30, 'risk_level', 'Medium', 'High', 'Vanshika Singh');
INSERT INTO model_audit_log (log_id, model_id, changed_field, old_value, new_value, changed_by) VALUES (81, 93, 'risk_level', 'Medium', 'High', 'Karan Kumar');
INSERT INTO model_audit_log (log_id, model_id, changed_field, old_value, new_value, changed_by) VALUES (82, 39, 'risk_level', 'Medium', 'High', 'Rahul Sharma');
INSERT INTO model_audit_log (log_id, model_id, changed_field, old_value, new_value, changed_by) VALUES (83, 65, 'risk_level', 'Medium', 'High', 'Neha Chaudhary');
INSERT INTO model_audit_log (log_id, model_id, changed_field, old_value, new_value, changed_by) VALUES (84, 87, 'risk_level', 'Medium', 'High', 'Rahul Sharma');
INSERT INTO model_audit_log (log_id, model_id, changed_field, old_value, new_value, changed_by) VALUES (85, 96, 'risk_level', 'Medium', 'High', 'Rahul Chaudhary');
INSERT INTO model_audit_log (log_id, model_id, changed_field, old_value, new_value, changed_by) VALUES (86, 94, 'risk_level', 'Medium', 'High', 'Simran Kumar');
INSERT INTO model_audit_log (log_id, model_id, changed_field, old_value, new_value, changed_by) VALUES (87, 71, 'risk_level', 'Medium', 'High', 'Karan Malik');
INSERT INTO model_audit_log (log_id, model_id, changed_field, old_value, new_value, changed_by) VALUES (88, 7, 'risk_level', 'Medium', 'High', 'Neha Chaudhary');
INSERT INTO model_audit_log (log_id, model_id, changed_field, old_value, new_value, changed_by) VALUES (89, 52, 'risk_level', 'Medium', 'High', 'Rohit Singh');
INSERT INTO model_audit_log (log_id, model_id, changed_field, old_value, new_value, changed_by) VALUES (90, 36, 'risk_level', 'Medium', 'High', 'Simran Yadav');
INSERT INTO model_audit_log (log_id, model_id, changed_field, old_value, new_value, changed_by) VALUES (91, 17, 'risk_level', 'Medium', 'High', 'Vanshika Yadav');
INSERT INTO model_audit_log (log_id, model_id, changed_field, old_value, new_value, changed_by) VALUES (92, 73, 'risk_level', 'Medium', 'High', 'Karan Sharma');
INSERT INTO model_audit_log (log_id, model_id, changed_field, old_value, new_value, changed_by) VALUES (93, 42, 'risk_level', 'Medium', 'High', 'Amit Singh');
INSERT INTO model_audit_log (log_id, model_id, changed_field, old_value, new_value, changed_by) VALUES (94, 90, 'risk_level', 'Medium', 'High', 'Priya Verma');
INSERT INTO model_audit_log (log_id, model_id, changed_field, old_value, new_value, changed_by) VALUES (95, 35, 'risk_level', 'Medium', 'High', 'Rahul Singh');
INSERT INTO model_audit_log (log_id, model_id, changed_field, old_value, new_value, changed_by) VALUES (96, 68, 'risk_level', 'Medium', 'High', 'Vanshika Malik');
INSERT INTO model_audit_log (log_id, model_id, changed_field, old_value, new_value, changed_by) VALUES (97, 12, 'risk_level', 'Medium', 'High', 'Karan Malik');
INSERT INTO model_audit_log (log_id, model_id, changed_field, old_value, new_value, changed_by) VALUES (98, 24, 'risk_level', 'Medium', 'High', 'Neha Malik');
INSERT INTO model_audit_log (log_id, model_id, changed_field, old_value, new_value, changed_by) VALUES (99, 13, 'risk_level', 'Medium', 'High', 'Karan Yadav');
INSERT INTO model_audit_log (log_id, model_id, changed_field, old_value, new_value, changed_by) VALUES (100, 57, 'risk_level', 'Medium', 'High', 'Simran Gupta');
INSERT INTO model_performance (performance_id, model_id, recorded_on, performance_score, notes) VALUES (1, 2, '2024-04-06', 0.53, 'Quarterly check');
INSERT INTO model_performance (performance_id, model_id, recorded_on, performance_score, notes) VALUES (2, 8, '2024-05-29', 0.58, 'Quarterly check');
INSERT INTO model_performance (performance_id, model_id, recorded_on, performance_score, notes) VALUES (3, 99, '2023-09-13', 0.82, 'Quarterly check');
INSERT INTO model_performance (performance_id, model_id, recorded_on, performance_score, notes) VALUES (4, 47, '2023-01-09', 0.68, 'Quarterly check');
INSERT INTO model_performance (performance_id, model_id, recorded_on, performance_score, notes) VALUES (5, 90, '2024-06-29', 0.8, 'Quarterly check');
INSERT INTO model_performance (performance_id, model_id, recorded_on, performance_score, notes) VALUES (6, 27, '2023-11-03', 0.87, 'Quarterly check');
INSERT INTO model_performance (performance_id, model_id, recorded_on, performance_score, notes) VALUES (7, 68, '2024-05-13', 0.92, 'Quarterly check');
INSERT INTO model_performance (performance_id, model_id, recorded_on, performance_score, notes) VALUES (8, 29, '2023-10-25', 0.6, 'Quarterly check');
INSERT INTO model_performance (performance_id, model_id, recorded_on, performance_score, notes) VALUES (9, 14, '2023-10-15', 0.87, 'Quarterly check');
INSERT INTO model_performance (performance_id, model_id, recorded_on, performance_score, notes) VALUES (10, 22, '2024-02-26', 0.71, 'Quarterly check');
INSERT INTO model_performance (performance_id, model_id, recorded_on, performance_score, notes) VALUES (11, 33, '2024-04-27', 0.69, 'Quarterly check');
INSERT INTO model_performance (performance_id, model_id, recorded_on, performance_score, notes) VALUES (12, 77, '2024-04-30', 0.89, 'Quarterly check');
INSERT INTO model_performance (performance_id, model_id, recorded_on, performance_score, notes) VALUES (13, 60, '2023-03-28', 0.92, 'Quarterly check');
INSERT INTO model_performance (performance_id, model_id, recorded_on, performance_score, notes) VALUES (14, 44, '2024-07-08', 0.65, 'Quarterly check');
INSERT INTO model_performance (performance_id, model_id, recorded_on, performance_score, notes) VALUES (15, 11, '2024-12-15', 0.93, 'Quarterly check');
INSERT INTO model_performance (performance_id, model_id, recorded_on, performance_score, notes) VALUES (16, 83, '2023-05-24', 0.89, 'Quarterly check');
INSERT INTO model_performance (performance_id, model_id, recorded_on, performance_score, notes) VALUES (17, 15, '2023-04-28', 0.8, 'Quarterly check');
INSERT INTO model_performance (performance_id, model_id, recorded_on, performance_score, notes) VALUES (18, 22, '2024-12-30', 0.53, 'Quarterly check');
INSERT INTO model_performance (performance_id, model_id, recorded_on, performance_score, notes) VALUES (19, 52, '2023-02-21', 0.74, 'Quarterly check');
INSERT INTO model_performance (performance_id, model_id, recorded_on, performance_score, notes) VALUES (20, 50, '2024-04-11', 0.76, 'Quarterly check');
INSERT INTO model_performance (performance_id, model_id, recorded_on, performance_score, notes) VALUES (21, 41, '2024-11-11', 0.67, 'Quarterly check');
INSERT INTO model_performance (performance_id, model_id, recorded_on, performance_score, notes) VALUES (22, 57, '2024-03-05', 0.67, 'Quarterly check');
INSERT INTO model_performance (performance_id, model_id, recorded_on, performance_score, notes) VALUES (23, 12, '2023-03-06', 0.86, 'Quarterly check');
INSERT INTO model_performance (performance_id, model_id, recorded_on, performance_score, notes) VALUES (24, 27, '2023-09-27', 0.91, 'Quarterly check');
INSERT INTO model_performance (performance_id, model_id, recorded_on, performance_score, notes) VALUES (25, 71, '2024-08-26', 0.82, 'Quarterly check');
INSERT INTO model_performance (performance_id, model_id, recorded_on, performance_score, notes) VALUES (26, 70, '2024-10-13', 0.68, 'Quarterly check');
INSERT INTO model_performance (performance_id, model_id, recorded_on, performance_score, notes) VALUES (27, 27, '2024-07-01', 0.57, 'Quarterly check');
INSERT INTO model_performance (performance_id, model_id, recorded_on, performance_score, notes) VALUES (28, 97, '2023-01-10', 0.9, 'Quarterly check');
INSERT INTO model_performance (performance_id, model_id, recorded_on, performance_score, notes) VALUES (29, 4, '2024-12-21', 0.61, 'Quarterly check');
INSERT INTO model_performance (performance_id, model_id, recorded_on, performance_score, notes) VALUES (30, 84, '2023-10-14', 0.91, 'Quarterly check');
INSERT INTO model_performance (performance_id, model_id, recorded_on, performance_score, notes) VALUES (31, 22, '2023-08-23', 0.84, 'Quarterly check');
INSERT INTO model_performance (performance_id, model_id, recorded_on, performance_score, notes) VALUES (32, 100, '2024-05-23', 0.54, 'Quarterly check');
INSERT INTO model_performance (performance_id, model_id, recorded_on, performance_score, notes) VALUES (33, 13, '2023-11-15', 0.66, 'Quarterly check');
INSERT INTO model_performance (performance_id, model_id, recorded_on, performance_score, notes) VALUES (34, 100, '2024-05-23', 0.67, 'Quarterly check');
INSERT INTO model_performance (performance_id, model_id, recorded_on, performance_score, notes) VALUES (35, 8, '2024-05-18', 0.69, 'Quarterly check');
INSERT INTO model_performance (performance_id, model_id, recorded_on, performance_score, notes) VALUES (36, 64, '2023-09-23', 0.72, 'Quarterly check');
INSERT INTO model_performance (performance_id, model_id, recorded_on, performance_score, notes) VALUES (37, 75, '2024-12-16', 0.63, 'Quarterly check');
INSERT INTO model_performance (performance_id, model_id, recorded_on, performance_score, notes) VALUES (38, 76, '2023-04-19', 0.63, 'Quarterly check');
INSERT INTO model_performance (performance_id, model_id, recorded_on, performance_score, notes) VALUES (39, 51, '2024-09-01', 0.91, 'Quarterly check');
INSERT INTO model_performance (performance_id, model_id, recorded_on, performance_score, notes) VALUES (40, 80, '2024-09-28', 0.79, 'Quarterly check');
INSERT INTO model_performance (performance_id, model_id, recorded_on, performance_score, notes) VALUES (41, 76, '2023-03-25', 0.72, 'Quarterly check');
INSERT INTO model_performance (performance_id, model_id, recorded_on, performance_score, notes) VALUES (42, 12, '2024-09-22', 0.55, 'Quarterly check');
INSERT INTO model_performance (performance_id, model_id, recorded_on, performance_score, notes) VALUES (43, 35, '2023-05-21', 0.85, 'Quarterly check');
INSERT INTO model_performance (performance_id, model_id, recorded_on, performance_score, notes) VALUES (44, 81, '2024-11-06', 0.87, 'Quarterly check');
INSERT INTO model_performance (performance_id, model_id, recorded_on, performance_score, notes) VALUES (45, 30, '2024-02-22', 0.56, 'Quarterly check');
INSERT INTO model_performance (performance_id, model_id, recorded_on, performance_score, notes) VALUES (46, 83, '2023-10-29', 0.67, 'Quarterly check');
INSERT INTO model_performance (performance_id, model_id, recorded_on, performance_score, notes) VALUES (47, 56, '2023-08-31', 0.9, 'Quarterly check');
INSERT INTO model_performance (performance_id, model_id, recorded_on, performance_score, notes) VALUES (48, 84, '2023-09-21', 0.54, 'Quarterly check');
INSERT INTO model_performance (performance_id, model_id, recorded_on, performance_score, notes) VALUES (49, 100, '2023-02-17', 0.86, 'Quarterly check');
INSERT INTO model_performance (performance_id, model_id, recorded_on, performance_score, notes) VALUES (50, 32, '2024-07-21', 0.93, 'Quarterly check');
INSERT INTO model_performance (performance_id, model_id, recorded_on, performance_score, notes) VALUES (51, 74, '2024-08-14', 0.74, 'Quarterly check');
INSERT INTO model_performance (performance_id, model_id, recorded_on, performance_score, notes) VALUES (52, 19, '2023-11-25', 0.84, 'Quarterly check');
INSERT INTO model_performance (performance_id, model_id, recorded_on, performance_score, notes) VALUES (53, 100, '2023-09-27', 0.68, 'Quarterly check');
INSERT INTO model_performance (performance_id, model_id, recorded_on, performance_score, notes) VALUES (54, 52, '2024-12-15', 0.86, 'Quarterly check');
INSERT INTO model_performance (performance_id, model_id, recorded_on, performance_score, notes) VALUES (55, 29, '2024-05-06', 0.65, 'Quarterly check');
INSERT INTO model_performance (performance_id, model_id, recorded_on, performance_score, notes) VALUES (56, 9, '2023-05-28', 0.68, 'Quarterly check');
INSERT INTO model_performance (performance_id, model_id, recorded_on, performance_score, notes) VALUES (57, 60, '2023-01-04', 0.6, 'Quarterly check');
INSERT INTO model_performance (performance_id, model_id, recorded_on, performance_score, notes) VALUES (58, 18, '2024-03-11', 0.92, 'Quarterly check');
INSERT INTO model_performance (performance_id, model_id, recorded_on, performance_score, notes) VALUES (59, 21, '2024-12-30', 0.69, 'Quarterly check');
INSERT INTO model_performance (performance_id, model_id, recorded_on, performance_score, notes) VALUES (60, 51, '2024-03-04', 0.86, 'Quarterly check');
INSERT INTO model_performance (performance_id, model_id, recorded_on, performance_score, notes) VALUES (61, 83, '2024-11-07', 0.52, 'Quarterly check');
INSERT INTO model_performance (performance_id, model_id, recorded_on, performance_score, notes) VALUES (62, 54, '2023-07-30', 0.55, 'Quarterly check');
INSERT INTO model_performance (performance_id, model_id, recorded_on, performance_score, notes) VALUES (63, 44, '2024-01-02', 0.65, 'Quarterly check');
INSERT INTO model_performance (performance_id, model_id, recorded_on, performance_score, notes) VALUES (64, 10, '2023-11-01', 0.54, 'Quarterly check');
INSERT INTO model_performance (performance_id, model_id, recorded_on, performance_score, notes) VALUES (65, 3, '2024-11-30', 0.51, 'Quarterly check');
INSERT INTO model_performance (performance_id, model_id, recorded_on, performance_score, notes) VALUES (66, 70, '2024-08-25', 0.74, 'Quarterly check');
INSERT INTO model_performance (performance_id, model_id, recorded_on, performance_score, notes) VALUES (67, 32, '2023-01-25', 0.59, 'Quarterly check');
INSERT INTO model_performance (performance_id, model_id, recorded_on, performance_score, notes) VALUES (68, 70, '2023-02-20', 0.65, 'Quarterly check');
INSERT INTO model_performance (performance_id, model_id, recorded_on, performance_score, notes) VALUES (69, 82, '2023-01-14', 0.85, 'Quarterly check');
INSERT INTO model_performance (performance_id, model_id, recorded_on, performance_score, notes) VALUES (70, 20, '2023-02-09', 0.77, 'Quarterly check');
INSERT INTO model_performance (performance_id, model_id, recorded_on, performance_score, notes) VALUES (71, 80, '2023-01-11', 0.52, 'Quarterly check');
INSERT INTO model_performance (performance_id, model_id, recorded_on, performance_score, notes) VALUES (72, 33, '2024-04-06', 0.53, 'Quarterly check');
INSERT INTO model_performance (performance_id, model_id, recorded_on, performance_score, notes) VALUES (73, 56, '2024-07-27', 0.91, 'Quarterly check');
INSERT INTO model_performance (performance_id, model_id, recorded_on, performance_score, notes) VALUES (74, 66, '2023-10-05', 0.9, 'Quarterly check');
INSERT INTO model_performance (performance_id, model_id, recorded_on, performance_score, notes) VALUES (75, 47, '2024-12-06', 0.61, 'Quarterly check');
INSERT INTO model_performance (performance_id, model_id, recorded_on, performance_score, notes) VALUES (76, 56, '2024-09-28', 0.88, 'Quarterly check');
INSERT INTO model_performance (performance_id, model_id, recorded_on, performance_score, notes) VALUES (77, 7, '2024-01-29', 0.78, 'Quarterly check');
INSERT INTO model_performance (performance_id, model_id, recorded_on, performance_score, notes) VALUES (78, 39, '2024-04-26', 0.68, 'Quarterly check');
INSERT INTO model_performance (performance_id, model_id, recorded_on, performance_score, notes) VALUES (79, 96, '2023-04-11', 0.54, 'Quarterly check');
INSERT INTO model_performance (performance_id, model_id, recorded_on, performance_score, notes) VALUES (80, 57, '2024-03-28', 0.8, 'Quarterly check');
INSERT INTO model_performance (performance_id, model_id, recorded_on, performance_score, notes) VALUES (81, 63, '2023-10-27', 0.51, 'Quarterly check');
INSERT INTO model_performance (performance_id, model_id, recorded_on, performance_score, notes) VALUES (82, 18, '2023-07-13', 0.82, 'Quarterly check');
INSERT INTO model_performance (performance_id, model_id, recorded_on, performance_score, notes) VALUES (83, 66, '2023-01-28', 0.55, 'Quarterly check');
INSERT INTO model_performance (performance_id, model_id, recorded_on, performance_score, notes) VALUES (84, 43, '2024-11-27', 0.73, 'Quarterly check');
INSERT INTO model_performance (performance_id, model_id, recorded_on, performance_score, notes) VALUES (85, 83, '2023-07-01', 0.95, 'Quarterly check');
INSERT INTO model_performance (performance_id, model_id, recorded_on, performance_score, notes) VALUES (86, 57, '2023-02-18', 0.59, 'Quarterly check');
INSERT INTO model_performance (performance_id, model_id, recorded_on, performance_score, notes) VALUES (87, 95, '2024-10-16', 0.7, 'Quarterly check');
INSERT INTO model_performance (performance_id, model_id, recorded_on, performance_score, notes) VALUES (88, 11, '2024-05-07', 0.65, 'Quarterly check');
INSERT INTO model_performance (performance_id, model_id, recorded_on, performance_score, notes) VALUES (89, 69, '2023-11-25', 0.55, 'Quarterly check');
INSERT INTO model_performance (performance_id, model_id, recorded_on, performance_score, notes) VALUES (90, 5, '2024-02-05', 0.5, 'Quarterly check');
INSERT INTO model_performance (performance_id, model_id, recorded_on, performance_score, notes) VALUES (91, 7, '2023-07-10', 0.56, 'Quarterly check');
INSERT INTO model_performance (performance_id, model_id, recorded_on, performance_score, notes) VALUES (92, 29, '2023-12-30', 0.72, 'Quarterly check');
INSERT INTO model_performance (performance_id, model_id, recorded_on, performance_score, notes) VALUES (93, 61, '2024-10-12', 0.56, 'Quarterly check');
INSERT INTO model_performance (performance_id, model_id, recorded_on, performance_score, notes) VALUES (94, 6, '2024-06-24', 0.67, 'Quarterly check');
INSERT INTO model_performance (performance_id, model_id, recorded_on, performance_score, notes) VALUES (95, 26, '2024-01-13', 0.76, 'Quarterly check');
INSERT INTO model_performance (performance_id, model_id, recorded_on, performance_score, notes) VALUES (96, 59, '2023-06-27', 0.86, 'Quarterly check');
INSERT INTO model_performance (performance_id, model_id, recorded_on, performance_score, notes) VALUES (97, 25, '2024-03-08', 0.63, 'Quarterly check');
INSERT INTO model_performance (performance_id, model_id, recorded_on, performance_score, notes) VALUES (98, 51, '2024-12-26', 0.69, 'Quarterly check');
INSERT INTO model_performance (performance_id, model_id, recorded_on, performance_score, notes) VALUES (99, 75, '2024-04-14', 0.69, 'Quarterly check');
INSERT INTO model_performance (performance_id, model_id, recorded_on, performance_score, notes) VALUES (100, 82, '2024-06-12', 0.53, 'Quarterly check');